time,intersection,direction,target_next_5min,predicted_traffic
1900-01-01 11:40:00,RTOChowk,DOWN,65.0,53.944584938164205
1900-01-01 11:45:00,RTOChowk,DOWN,62.0,55.322570963058
1900-01-01 11:50:00,RTOChowk,DOWN,63.0,52.27593633603082
1900-01-01 11:40:00,RTOChowk,LEFT,108.0,131.62309085825825
1900-01-01 11:45:00,RTOChowk,LEFT,110.0,113.43725926076128
1900-01-01 11:50:00,RTOChowk,LEFT,98.0,105.47860422859378
1900-01-01 11:40:00,RTOChowk,RIGHT,35.0,24.371484557751675
1900-01-01 11:45:00,RTOChowk,RIGHT,28.0,24.453243507989765
1900-01-01 11:50:00,RTOChowk,RIGHT,25.0,21.901402318691943
1900-01-01 11:40:00,RTOChowk,UP,16.0,12.000537443860068
1900-01-01 11:45:00,RTOChowk,UP,13.0,14.832443224658991
1900-01-01 11:50:00,RTOChowk,UP,16.0,13.943400695870753
1900-01-01 09:10:00,RTOChowk,DOWN,98.0,86.63367800255205
1900-01-01 09:15:00,RTOChowk,DOWN,96.0,102.71559150066962
1900-01-01 09:20:00,RTOChowk,DOWN,82.0,102.35058215156043
1900-01-01 09:25:00,RTOChowk,DOWN,81.0,84.6885469688915
1900-01-01 09:30:00,RTOChowk,DOWN,87.0,87.64816968442351
1900-01-01 09:35:00,RTOChowk,DOWN,70.0,80.98862046021723
1900-01-01 09:40:00,RTOChowk,DOWN,78.0,77.4177181215082
1900-01-01 09:45:00,RTOChowk,DOWN,95.0,78.30568785523678
1900-01-01 09:50:00,RTOChowk,DOWN,87.0,81.19028689363056
1900-01-01 09:55:00,RTOChowk,DOWN,83.0,80.09932852425385
1900-01-01 10:00:00,RTOChowk,DOWN,62.0,81.3818913403876
1900-01-01 10:05:00,RTOChowk,DOWN,67.0,74.67636010928248
1900-01-01 10:10:00,RTOChowk,DOWN,69.0,72.11308328297773
1900-01-01 10:15:00,RTOChowk,DOWN,89.0,71.54849678739438
1900-01-01 10:20:00,RTOChowk,DOWN,75.0,79.40066271189356
1900-01-01 10:25:00,RTOChowk,DOWN,44.0,72.18344280118697
1900-01-01 10:30:00,RTOChowk,DOWN,68.0,72.62229766933858
1900-01-01 10:35:00,RTOChowk,DOWN,45.0,80.08929433109692
1900-01-01 10:40:00,RTOChowk,DOWN,41.0,52.10447945419059
1900-01-01 10:45:00,RTOChowk,DOWN,64.0,47.77929300899508
1900-01-01 10:50:00,RTOChowk,DOWN,46.0,56.64118504142888
1900-01-01 10:55:00,RTOChowk,DOWN,87.0,46.50172307229744
1900-01-01 11:00:00,RTOChowk,DOWN,119.0,66.25615991172364
1900-01-01 11:05:00,RTOChowk,DOWN,72.0,115.01195059997148
1900-01-01 11:10:00,RTOChowk,DOWN,68.0,95.82449908567759
1900-01-01 11:15:00,RTOChowk,DOWN,96.0,80.82352147002668
1900-01-01 11:20:00,RTOChowk,DOWN,1.0,86.84218403846783
1900-01-01 09:10:00,RTOChowk,LEFT,132.0,154.00768930452497
1900-01-01 09:15:00,RTOChowk,LEFT,160.0,143.13966805274015
1900-01-01 09:20:00,RTOChowk,LEFT,150.0,150.55394288054586
1900-01-01 09:25:00,RTOChowk,LEFT,156.0,149.07533711487721
1900-01-01 09:30:00,RTOChowk,LEFT,151.0,147.38365778274428
1900-01-01 09:35:00,RTOChowk,LEFT,158.0,148.41184708285843
1900-01-01 09:40:00,RTOChowk,LEFT,143.0,152.65048985794974
1900-01-01 09:45:00,RTOChowk,LEFT,143.0,144.16550145927837
1900-01-01 09:50:00,RTOChowk,LEFT,158.0,135.4983538510316
1900-01-01 09:55:00,RTOChowk,LEFT,133.0,144.49014448640204
1900-01-01 10:00:00,RTOChowk,LEFT,165.0,141.60537998121188
1900-01-01 10:05:00,RTOChowk,LEFT,143.0,145.3779418905454
1900-01-01 10:10:00,RTOChowk,LEFT,142.0,141.7974716717613
1900-01-01 10:15:00,RTOChowk,LEFT,163.0,135.65389618777937
1900-01-01 10:20:00,RTOChowk,LEFT,125.0,147.4017086275502
1900-01-01 10:25:00,RTOChowk,LEFT,134.0,140.24215519595154
1900-01-01 10:30:00,RTOChowk,LEFT,132.0,137.32482053670947
1900-01-01 10:35:00,RTOChowk,LEFT,114.0,136.24170890535973
1900-01-01 10:40:00,RTOChowk,LEFT,154.0,128.23010143315432
1900-01-01 10:45:00,RTOChowk,LEFT,138.0,134.16787634101146
1900-01-01 10:50:00,RTOChowk,LEFT,170.0,136.90647152241772
1900-01-01 10:55:00,RTOChowk,LEFT,145.0,140.20960681090193
1900-01-01 11:00:00,RTOChowk,LEFT,122.0,147.55099275963744
1900-01-01 11:05:00,RTOChowk,LEFT,108.0,140.46893381934606
1900-01-01 11:10:00,RTOChowk,LEFT,155.0,127.92500246877132
1900-01-01 11:15:00,RTOChowk,LEFT,152.0,122.44715423861783
1900-01-01 11:20:00,RTOChowk,LEFT,6.0,112.08232708047757
1900-01-01 09:10:00,RTOChowk,RIGHT,35.0,32.50762964688724
1900-01-01 09:15:00,RTOChowk,RIGHT,29.0,38.144663002470914
1900-01-01 09:20:00,RTOChowk,RIGHT,45.0,33.86964521870635
1900-01-01 09:25:00,RTOChowk,RIGHT,41.0,38.51718317227935
1900-01-01 09:30:00,RTOChowk,RIGHT,45.0,36.160545767582406
1900-01-01 09:35:00,RTOChowk,RIGHT,34.0,41.51727469826138
1900-01-01 09:40:00,RTOChowk,RIGHT,46.0,35.26974063035904
1900-01-01 09:45:00,RTOChowk,RIGHT,51.0,41.34201887452919
1900-01-01 09:50:00,RTOChowk,RIGHT,36.0,43.65493117426065
1900-01-01 09:55:00,RTOChowk,RIGHT,35.0,43.785572988606546
1900-01-01 10:00:00,RTOChowk,RIGHT,17.0,34.97215766020797
1900-01-01 10:05:00,RTOChowk,RIGHT,33.0,33.23935597024756
1900-01-01 10:10:00,RTOChowk,RIGHT,23.0,30.201210663685366
1900-01-01 10:15:00,RTOChowk,RIGHT,34.0,26.299947838516033
1900-01-01 10:20:00,RTOChowk,RIGHT,42.0,25.8116581133227
1900-01-01 10:25:00,RTOChowk,RIGHT,29.0,28.674063262266685
1900-01-01 10:30:00,RTOChowk,RIGHT,32.0,31.21417178273225
1900-01-01 10:35:00,RTOChowk,RIGHT,23.0,36.55100016969413
1900-01-01 10:40:00,RTOChowk,RIGHT,25.0,31.230903285685756
1900-01-01 10:45:00,RTOChowk,RIGHT,31.0,28.458236030449083
1900-01-01 10:50:00,RTOChowk,RIGHT,19.0,27.236666261567024
1900-01-01 10:55:00,RTOChowk,RIGHT,28.0,22.823199141227047
1900-01-01 11:00:00,RTOChowk,RIGHT,38.0,24.639792286788794
1900-01-01 11:05:00,RTOChowk,RIGHT,20.0,27.605494166671182
1900-01-01 11:10:00,RTOChowk,RIGHT,20.0,23.18894489317118
1900-01-01 11:15:00,RTOChowk,RIGHT,30.0,23.13519849499103
1900-01-01 11:20:00,RTOChowk,RIGHT,0.0,28.696295035366163
1900-01-01 09:10:00,RTOChowk,UP,13.0,11.761829317166004
1900-01-01 09:15:00,RTOChowk,UP,18.0,13.54545944335361
1900-01-01 09:20:00,RTOChowk,UP,13.0,15.16905195041473
1900-01-01 09:25:00,RTOChowk,UP,13.0,13.299970109525914
1900-01-01 09:30:00,RTOChowk,UP,18.0,14.038856357019116
1900-01-01 09:35:00,RTOChowk,UP,20.0,15.861990082653888
1900-01-01 09:40:00,RTOChowk,UP,19.0,18.318040144434303
1900-01-01 09:45:00,RTOChowk,UP,16.0,18.42388842920943
1900-01-01 09:50:00,RTOChowk,UP,19.0,19.292783392232167
1900-01-01 09:55:00,RTOChowk,UP,19.0,15.790619181993145
1900-01-01 10:00:00,RTOChowk,UP,8.0,16.9692488539866
1900-01-01 10:05:00,RTOChowk,UP,17.0,16.703722992933102
1900-01-01 10:10:00,RTOChowk,UP,10.0,15.91921002730872
1900-01-01 10:15:00,RTOChowk,UP,11.0,11.924710524026668
1900-01-01 10:20:00,RTOChowk,UP,21.0,11.58128505304076
1900-01-01 10:25:00,RTOChowk,UP,11.0,12.817506377455208
1900-01-01 10:30:00,RTOChowk,UP,19.0,13.096514674424458
1900-01-01 10:35:00,RTOChowk,UP,11.0,16.47223892736966
1900-01-01 10:40:00,RTOChowk,UP,12.0,15.437038790389167
1900-01-01 10:45:00,RTOChowk,UP,15.0,12.705204129486063
1900-01-01 10:50:00,RTOChowk,UP,20.0,12.58901407743868
1900-01-01 10:55:00,RTOChowk,UP,31.0,14.67657885453367
1900-01-01 11:00:00,RTOChowk,UP,16.0,19.16949401185596
1900-01-01 11:05:00,RTOChowk,UP,27.0,18.525315923251934
1900-01-01 11:10:00,RTOChowk,UP,12.0,20.03378097808681
1900-01-01 11:15:00,RTOChowk,UP,13.0,19.95026486703253
1900-01-01 11:20:00,RTOChowk,UP,0.0,13.80484144329441
1900-01-01 11:40:00,RTOChowk,DOWN,68.0,71.22554981647562
1900-01-01 11:45:00,RTOChowk,DOWN,60.0,69.40975634009303
1900-01-01 11:50:00,RTOChowk,DOWN,51.0,58.516494948382984
1900-01-01 11:40:00,RTOChowk,LEFT,121.0,126.78324423579606
1900-01-01 11:45:00,RTOChowk,LEFT,115.0,121.00324203118076
1900-01-01 11:50:00,RTOChowk,LEFT,100.0,113.79019740319856
1900-01-01 11:40:00,RTOChowk,RIGHT,21.0,23.915139625804382
1900-01-01 11:45:00,RTOChowk,RIGHT,21.0,20.11617484099245
1900-01-01 11:50:00,RTOChowk,RIGHT,27.0,22.218765199977835
1900-01-01 11:40:00,RTOChowk,UP,13.0,15.226223070016607
1900-01-01 11:45:00,RTOChowk,UP,18.0,13.292844523471212
1900-01-01 11:50:00,RTOChowk,UP,19.0,13.907353083109117
1900-01-01 09:10:00,RTOChowk,DOWN,84.0,85.86890414026567
1900-01-01 09:15:00,RTOChowk,DOWN,110.0,82.1431151789131
1900-01-01 09:20:00,RTOChowk,DOWN,94.0,105.89244685615165
1900-01-01 09:25:00,RTOChowk,DOWN,67.0,84.54301292508293
1900-01-01 09:30:00,RTOChowk,DOWN,99.0,82.33014514519449
1900-01-01 09:35:00,RTOChowk,DOWN,92.0,104.58625852485153
1900-01-01 09:40:00,RTOChowk,DOWN,127.0,80.63754534238757
1900-01-01 09:45:00,RTOChowk,DOWN,77.0,125.75816364546716
1900-01-01 09:50:00,RTOChowk,DOWN,85.0,101.7722265785054
1900-01-01 09:55:00,RTOChowk,DOWN,73.0,107.52017171831743
1900-01-01 10:00:00,RTOChowk,DOWN,78.0,83.47023749593458
1900-01-01 10:05:00,RTOChowk,DOWN,72.0,75.80990456991765
1900-01-01 10:10:00,RTOChowk,DOWN,64.0,72.58701740787356
1900-01-01 10:15:00,RTOChowk,DOWN,101.0,70.98743524413231
1900-01-01 10:20:00,RTOChowk,DOWN,67.0,84.50661029342791
1900-01-01 10:25:00,RTOChowk,DOWN,87.0,73.10476233395703
1900-01-01 10:30:00,RTOChowk,DOWN,89.0,83.29675922628837
1900-01-01 10:35:00,RTOChowk,DOWN,62.0,82.09194677434489
1900-01-01 10:40:00,RTOChowk,DOWN,68.0,74.87698232437978
1900-01-01 10:45:00,RTOChowk,DOWN,56.0,72.7360255318543
1900-01-01 10:50:00,RTOChowk,DOWN,40.0,60.50190709541441
1900-01-01 10:55:00,RTOChowk,DOWN,56.0,54.948367453962234
1900-01-01 11:00:00,RTOChowk,DOWN,46.0,49.13873110976829
1900-01-01 11:05:00,RTOChowk,DOWN,76.0,46.89426887530066
1900-01-01 11:10:00,RTOChowk,DOWN,50.0,55.50127195298922
1900-01-01 11:15:00,RTOChowk,DOWN,53.0,51.482669491573105
1900-01-01 11:20:00,RTOChowk,DOWN,14.0,49.48256050097461
1900-01-01 09:10:00,RTOChowk,LEFT,108.0,138.79209804564707
1900-01-01 09:15:00,RTOChowk,LEFT,134.0,122.30835369853736
1900-01-01 09:20:00,RTOChowk,LEFT,137.0,130.47731339682522
1900-01-01 09:25:00,RTOChowk,LEFT,137.0,133.09223490286993
1900-01-01 09:30:00,RTOChowk,LEFT,148.0,134.73557152907316
1900-01-01 09:35:00,RTOChowk,LEFT,141.0,139.97159505370354
1900-01-01 09:40:00,RTOChowk,LEFT,126.0,138.65293601904355
1900-01-01 09:45:00,RTOChowk,LEFT,118.0,135.07901265737348
1900-01-01 09:50:00,RTOChowk,LEFT,150.0,128.11349633678836
1900-01-01 09:55:00,RTOChowk,LEFT,148.0,136.0978353067719
1900-01-01 10:00:00,RTOChowk,LEFT,136.0,140.72414009105208
1900-01-01 10:05:00,RTOChowk,LEFT,154.0,135.8119249806891
1900-01-01 10:10:00,RTOChowk,LEFT,142.0,144.2741706222994
1900-01-01 10:15:00,RTOChowk,LEFT,126.0,139.8472504853728
1900-01-01 10:20:00,RTOChowk,LEFT,161.0,137.67984469160038
1900-01-01 10:25:00,RTOChowk,LEFT,142.0,143.34484420933634
1900-01-01 10:30:00,RTOChowk,LEFT,150.0,142.2846431490931
1900-01-01 10:35:00,RTOChowk,LEFT,139.0,146.01733766573687
1900-01-01 10:40:00,RTOChowk,LEFT,125.0,141.61170488027892
1900-01-01 10:45:00,RTOChowk,LEFT,162.0,132.1695239564923
1900-01-01 10:50:00,RTOChowk,LEFT,127.0,139.66236842311883
1900-01-01 10:55:00,RTOChowk,LEFT,94.0,136.01431959447774
1900-01-01 11:00:00,RTOChowk,LEFT,129.0,117.84490118739014
1900-01-01 11:05:00,RTOChowk,LEFT,118.0,119.53179826146788
1900-01-01 11:10:00,RTOChowk,LEFT,132.0,118.9585750881483
1900-01-01 11:15:00,RTOChowk,LEFT,129.0,115.65421021176574
1900-01-01 11:20:00,RTOChowk,LEFT,77.0,105.3432648420828
1900-01-01 09:10:00,RTOChowk,RIGHT,40.0,22.430358640605405
1900-01-01 09:15:00,RTOChowk,RIGHT,41.0,27.258127795065697
1900-01-01 09:20:00,RTOChowk,RIGHT,34.0,34.19436870532674
1900-01-01 09:25:00,RTOChowk,RIGHT,35.0,38.86030124463799
1900-01-01 09:30:00,RTOChowk,RIGHT,43.0,40.76287558776737
1900-01-01 09:35:00,RTOChowk,RIGHT,30.0,34.975994594880866
1900-01-01 09:40:00,RTOChowk,RIGHT,47.0,35.020237606190946
1900-01-01 09:45:00,RTOChowk,RIGHT,23.0,38.89644606207822
1900-01-01 09:50:00,RTOChowk,RIGHT,40.0,34.92939206924126
1900-01-01 09:55:00,RTOChowk,RIGHT,21.0,35.29015058866881
1900-01-01 10:00:00,RTOChowk,RIGHT,47.0,30.785507194364854
1900-01-01 10:05:00,RTOChowk,RIGHT,32.0,35.13286887220347
1900-01-01 10:10:00,RTOChowk,RIGHT,26.0,33.81258910525392
1900-01-01 10:15:00,RTOChowk,RIGHT,49.0,30.54574176799356
1900-01-01 10:20:00,RTOChowk,RIGHT,39.0,40.329288158864976
1900-01-01 10:25:00,RTOChowk,RIGHT,44.0,33.88335794077181
1900-01-01 10:30:00,RTOChowk,RIGHT,30.0,42.328310543048964
1900-01-01 10:35:00,RTOChowk,RIGHT,42.0,32.53948144923707
1900-01-01 10:40:00,RTOChowk,RIGHT,49.0,40.41800876136063
1900-01-01 10:45:00,RTOChowk,RIGHT,37.0,38.0602279351184
1900-01-01 10:50:00,RTOChowk,RIGHT,23.0,41.41989181893402
1900-01-01 10:55:00,RTOChowk,RIGHT,26.0,33.28471921270446
1900-01-01 11:00:00,RTOChowk,RIGHT,31.0,31.98412579192159
1900-01-01 11:05:00,RTOChowk,RIGHT,40.0,26.285262268049916
1900-01-01 11:10:00,RTOChowk,RIGHT,23.0,29.441226155875434
1900-01-01 11:15:00,RTOChowk,RIGHT,41.0,27.453503038394846
1900-01-01 11:20:00,RTOChowk,RIGHT,11.0,27.379112832368317
1900-01-01 09:10:00,RTOChowk,UP,20.0,11.654161181240687
1900-01-01 09:15:00,RTOChowk,UP,20.0,13.147866322150698
1900-01-01 09:20:00,RTOChowk,UP,28.0,13.719418308488933
1900-01-01 09:25:00,RTOChowk,UP,26.0,19.083742922042667
1900-01-01 09:30:00,RTOChowk,UP,15.0,27.628303734358425
1900-01-01 09:35:00,RTOChowk,UP,21.0,39.611763819797865
1900-01-01 09:40:00,RTOChowk,UP,15.0,21.766080947919473
1900-01-01 09:45:00,RTOChowk,UP,19.0,18.795540911388883
1900-01-01 09:50:00,RTOChowk,UP,21.0,16.782691556590873
1900-01-01 09:55:00,RTOChowk,UP,22.0,17.20833073881541
1900-01-01 10:00:00,RTOChowk,UP,20.0,18.428221361254398
1900-01-01 10:05:00,RTOChowk,UP,7.0,20.159884749465835
1900-01-01 10:10:00,RTOChowk,UP,13.0,16.808333579305984
1900-01-01 10:15:00,RTOChowk,UP,13.0,15.972642515270202
1900-01-01 10:20:00,RTOChowk,UP,14.0,12.149905601366036
1900-01-01 10:25:00,RTOChowk,UP,13.0,11.997497865991901
1900-01-01 10:30:00,RTOChowk,UP,18.0,13.359045581907917
1900-01-01 10:35:00,RTOChowk,UP,21.0,15.564020715340172
1900-01-01 10:40:00,RTOChowk,UP,18.0,16.933277346483408
1900-01-01 10:45:00,RTOChowk,UP,22.0,17.99933541824253
1900-01-01 10:50:00,RTOChowk,UP,13.0,20.02774832804236
1900-01-01 10:55:00,RTOChowk,UP,11.0,17.060283830266897
1900-01-01 11:00:00,RTOChowk,UP,7.0,16.210324105319305
1900-01-01 11:05:00,RTOChowk,UP,9.0,11.65670620794857
1900-01-01 11:10:00,RTOChowk,UP,22.0,11.568661657382245
1900-01-01 11:15:00,RTOChowk,UP,16.0,12.276214790978102
1900-01-01 11:20:00,RTOChowk,UP,7.0,12.492054070023114
1900-01-01 11:40:00,RTOChowk,DOWN,61.0,44.64150232646288
1900-01-01 11:45:00,RTOChowk,DOWN,65.0,56.7754065494304
1900-01-01 11:50:00,RTOChowk,DOWN,44.0,50.51279224923717
1900-01-01 11:40:00,RTOChowk,LEFT,139.0,121.65859857580291
1900-01-01 11:45:00,RTOChowk,LEFT,122.0,120.2436744734324
1900-01-01 11:50:00,RTOChowk,LEFT,84.0,121.88803207635146
1900-01-01 11:40:00,RTOChowk,RIGHT,31.0,18.017544488669753
1900-01-01 11:45:00,RTOChowk,RIGHT,21.0,26.573223888124936
1900-01-01 11:50:00,RTOChowk,RIGHT,16.0,21.036214160395406
1900-01-01 11:40:00,RTOChowk,UP,10.0,7.304199792404112
1900-01-01 11:45:00,RTOChowk,UP,32.0,10.57860755953985
1900-01-01 11:50:00,RTOChowk,UP,12.0,18.497902786261513
1900-01-01 09:10:00,RTOChowk,DOWN,73.0,78.24788591588116
1900-01-01 09:15:00,RTOChowk,DOWN,74.0,75.67348672138813
1900-01-01 09:20:00,RTOChowk,DOWN,71.0,73.14799523695876
1900-01-01 09:25:00,RTOChowk,DOWN,97.0,74.69725777117057
1900-01-01 09:30:00,RTOChowk,DOWN,52.0,81.07083967082175
1900-01-01 09:35:00,RTOChowk,DOWN,71.0,73.98391163754745
1900-01-01 09:40:00,RTOChowk,DOWN,62.0,77.8122785215849
1900-01-01 09:45:00,RTOChowk,DOWN,82.0,71.28811094180377
1900-01-01 09:50:00,RTOChowk,DOWN,88.0,72.26115368225408
1900-01-01 09:55:00,RTOChowk,DOWN,80.0,81.22439922854846
1900-01-01 10:00:00,RTOChowk,DOWN,81.0,72.83070311125566
1900-01-01 10:05:00,RTOChowk,DOWN,48.0,80.0604095074456
1900-01-01 10:10:00,RTOChowk,DOWN,75.0,70.69144649739874
1900-01-01 10:15:00,RTOChowk,DOWN,74.0,74.49088870225586
1900-01-01 10:20:00,RTOChowk,DOWN,62.0,72.30951087164999
1900-01-01 10:25:00,RTOChowk,DOWN,68.0,68.94253282767879
1900-01-01 10:30:00,RTOChowk,DOWN,65.0,71.95117403082652
1900-01-01 10:35:00,RTOChowk,DOWN,63.0,67.68537818900705
1900-01-01 10:40:00,RTOChowk,DOWN,42.0,65.83870289192913
1900-01-01 10:45:00,RTOChowk,DOWN,68.0,56.53694368729293
1900-01-01 10:50:00,RTOChowk,DOWN,66.0,59.6054190468244
1900-01-01 10:55:00,RTOChowk,DOWN,72.0,58.23520233606742
1900-01-01 11:00:00,RTOChowk,DOWN,73.0,62.05642499382186
1900-01-01 11:05:00,RTOChowk,DOWN,54.0,70.26560529312214
1900-01-01 11:10:00,RTOChowk,DOWN,51.0,60.613617552905474
1900-01-01 11:15:00,RTOChowk,DOWN,56.0,55.47861241803538
1900-01-01 11:20:00,RTOChowk,DOWN,22.0,38.95968494032329
1900-01-01 09:10:00,RTOChowk,LEFT,122.0,149.27280034961447
1900-01-01 09:15:00,RTOChowk,LEFT,125.0,139.75266704960353
1900-01-01 09:20:00,RTOChowk,LEFT,142.0,131.59187953926042
1900-01-01 09:25:00,RTOChowk,LEFT,161.0,134.34819926800924
1900-01-01 09:30:00,RTOChowk,LEFT,161.0,143.1208822749038
1900-01-01 09:35:00,RTOChowk,LEFT,192.0,150.31747413790978
1900-01-01 09:40:00,RTOChowk,LEFT,129.0,155.17981338407074
1900-01-01 09:45:00,RTOChowk,LEFT,174.0,139.35742780881097
1900-01-01 09:50:00,RTOChowk,LEFT,139.0,184.70029473390682
1900-01-01 09:55:00,RTOChowk,LEFT,162.0,145.29515994782062
1900-01-01 10:00:00,RTOChowk,LEFT,192.0,153.30460042278202
1900-01-01 10:05:00,RTOChowk,LEFT,163.0,160.47560231132175
1900-01-01 10:10:00,RTOChowk,LEFT,149.0,156.35527385972242
1900-01-01 10:15:00,RTOChowk,LEFT,156.0,205.5791625796659
1900-01-01 10:20:00,RTOChowk,LEFT,159.0,149.18062747074936
1900-01-01 10:25:00,RTOChowk,LEFT,164.0,149.04968180517056
1900-01-01 10:30:00,RTOChowk,LEFT,173.0,151.60108826342147
1900-01-01 10:35:00,RTOChowk,LEFT,151.0,155.1378182150686
1900-01-01 10:40:00,RTOChowk,LEFT,153.0,161.47099561897895
1900-01-01 10:45:00,RTOChowk,LEFT,168.0,176.60750463659653
1900-01-01 10:50:00,RTOChowk,LEFT,165.0,156.51815868486142
1900-01-01 10:55:00,RTOChowk,LEFT,144.0,152.14826918163484
1900-01-01 11:00:00,RTOChowk,LEFT,155.0,150.2877252556469
1900-01-01 11:05:00,RTOChowk,LEFT,145.0,158.37205049050763
1900-01-01 11:10:00,RTOChowk,LEFT,147.0,145.6502667037757
1900-01-01 11:15:00,RTOChowk,LEFT,154.0,138.79341511696413
1900-01-01 11:20:00,RTOChowk,LEFT,50.0,123.42578277732281
1900-01-01 09:10:00,RTOChowk,RIGHT,35.0,21.595015194747756
1900-01-01 09:15:00,RTOChowk,RIGHT,33.0,27.137351887728464
1900-01-01 09:20:00,RTOChowk,RIGHT,36.0,27.92267757848362
1900-01-01 09:25:00,RTOChowk,RIGHT,34.0,40.33842965100738
1900-01-01 09:30:00,RTOChowk,RIGHT,22.0,35.463278137729404
1900-01-01 09:35:00,RTOChowk,RIGHT,18.0,33.351935189995075
1900-01-01 09:40:00,RTOChowk,RIGHT,26.0,25.50544737347035
1900-01-01 09:45:00,RTOChowk,RIGHT,26.0,25.580180363122416
1900-01-01 09:50:00,RTOChowk,RIGHT,41.0,22.137450541546112
1900-01-01 09:55:00,RTOChowk,RIGHT,33.0,29.415159684282827
1900-01-01 10:00:00,RTOChowk,RIGHT,34.0,30.899079805851233
1900-01-01 10:05:00,RTOChowk,RIGHT,18.0,34.26796394703473
1900-01-01 10:10:00,RTOChowk,RIGHT,26.0,32.96941540962196
1900-01-01 10:15:00,RTOChowk,RIGHT,31.0,26.046470843846333
1900-01-01 10:20:00,RTOChowk,RIGHT,33.0,27.965029949574998
1900-01-01 10:25:00,RTOChowk,RIGHT,35.0,25.49610736844177
1900-01-01 10:30:00,RTOChowk,RIGHT,30.0,31.51350646169758
1900-01-01 10:35:00,RTOChowk,RIGHT,29.0,32.3129596795042
1900-01-01 10:40:00,RTOChowk,RIGHT,14.0,29.090276844591834
1900-01-01 10:45:00,RTOChowk,RIGHT,13.0,22.84298348075889
1900-01-01 10:50:00,RTOChowk,RIGHT,34.0,21.20987857136211
1900-01-01 10:55:00,RTOChowk,RIGHT,40.0,22.78053606200303
1900-01-01 11:00:00,RTOChowk,RIGHT,22.0,25.008554616600822
1900-01-01 11:05:00,RTOChowk,RIGHT,31.0,25.543497420350388
1900-01-01 11:10:00,RTOChowk,RIGHT,29.0,30.51255540223995
1900-01-01 11:15:00,RTOChowk,RIGHT,21.0,22.782658813026615
1900-01-01 11:20:00,RTOChowk,RIGHT,8.0,25.942267114216076
1900-01-01 09:10:00,RTOChowk,UP,16.0,15.073265772370663
1900-01-01 09:15:00,RTOChowk,UP,13.0,14.360154807850732
1900-01-01 09:20:00,RTOChowk,UP,20.0,12.774848896426706
1900-01-01 09:25:00,RTOChowk,UP,19.0,17.80716125288421
1900-01-01 09:30:00,RTOChowk,UP,22.0,17.600778488281886
1900-01-01 09:35:00,RTOChowk,UP,17.0,18.57646256910661
1900-01-01 09:40:00,RTOChowk,UP,12.0,18.976562379277283
1900-01-01 09:45:00,RTOChowk,UP,17.0,17.379115737319974
1900-01-01 09:50:00,RTOChowk,UP,15.0,17.614188803752647
1900-01-01 09:55:00,RTOChowk,UP,17.0,14.025426673643754
1900-01-01 10:00:00,RTOChowk,UP,15.0,15.483524065109105
1900-01-01 10:05:00,RTOChowk,UP,18.0,16.87600402042551
1900-01-01 10:10:00,RTOChowk,UP,14.0,16.01784396097457
1900-01-01 10:15:00,RTOChowk,UP,18.0,16.832343145969734
1900-01-01 10:20:00,RTOChowk,UP,16.0,15.503034160856936
1900-01-01 10:25:00,RTOChowk,UP,10.0,16.01111567067426
1900-01-01 10:30:00,RTOChowk,UP,13.0,15.98549785453079
1900-01-01 10:35:00,RTOChowk,UP,8.0,13.554743262819418
1900-01-01 10:40:00,RTOChowk,UP,12.0,11.853893967138076
1900-01-01 10:45:00,RTOChowk,UP,7.0,11.180599403671085
1900-01-01 10:50:00,RTOChowk,UP,17.0,12.125339105569124
1900-01-01 10:55:00,RTOChowk,UP,26.0,11.791650981047974
1900-01-01 11:00:00,RTOChowk,UP,11.0,17.666050526915146
1900-01-01 11:05:00,RTOChowk,UP,15.0,15.579261654841185
1900-01-01 11:10:00,RTOChowk,UP,19.0,15.98620022449072
1900-01-01 11:15:00,RTOChowk,UP,12.0,16.851399418644558
1900-01-01 11:20:00,RTOChowk,UP,2.0,13.07763838622147
1900-01-01 11:40:00,RTOChowk,DOWN,70.0,50.602524781465725
1900-01-01 11:45:00,RTOChowk,DOWN,64.0,51.26918351705835
1900-01-01 11:50:00,RTOChowk,DOWN,39.0,51.81100438260238
1900-01-01 11:40:00,RTOChowk,LEFT,122.0,127.82666572983919
1900-01-01 11:45:00,RTOChowk,LEFT,121.0,128.97883386335104
1900-01-01 11:50:00,RTOChowk,LEFT,93.0,118.71850111675576
1900-01-01 11:40:00,RTOChowk,RIGHT,51.0,25.30276435695873
1900-01-01 11:45:00,RTOChowk,RIGHT,34.0,30.821011996660935
1900-01-01 11:50:00,RTOChowk,RIGHT,22.0,32.88652197581262
1900-01-01 11:40:00,RTOChowk,UP,16.0,12.03011101951975
1900-01-01 11:45:00,RTOChowk,UP,20.0,14.087115136118467
1900-01-01 11:50:00,RTOChowk,UP,12.0,17.209885880779158
1900-01-01 09:10:00,RTOChowk,DOWN,40.0,34.78062395126518
1900-01-01 09:15:00,RTOChowk,DOWN,38.0,38.264637680761766
1900-01-01 09:20:00,RTOChowk,DOWN,34.0,39.32850599968921
1900-01-01 09:25:00,RTOChowk,DOWN,44.0,37.10084423036214
1900-01-01 09:30:00,RTOChowk,DOWN,36.0,41.460926621272236
1900-01-01 09:35:00,RTOChowk,DOWN,61.0,40.40764343164351
1900-01-01 09:40:00,RTOChowk,DOWN,56.0,45.25109286969825
1900-01-01 09:45:00,RTOChowk,DOWN,42.0,48.97943602686925
1900-01-01 09:50:00,RTOChowk,DOWN,40.0,45.823411774028344
1900-01-01 09:55:00,RTOChowk,DOWN,43.0,45.52977194110944
1900-01-01 10:00:00,RTOChowk,DOWN,50.0,46.42968387349574
1900-01-01 10:05:00,RTOChowk,DOWN,46.0,46.08208475039054
1900-01-01 10:10:00,RTOChowk,DOWN,44.0,45.75946592284326
1900-01-01 10:15:00,RTOChowk,DOWN,37.0,45.38314004202388
1900-01-01 10:20:00,RTOChowk,DOWN,38.0,43.58050309024268
1900-01-01 10:25:00,RTOChowk,DOWN,32.0,43.09609873548074
1900-01-01 10:30:00,RTOChowk,DOWN,30.0,35.52600723705784
1900-01-01 10:35:00,RTOChowk,DOWN,58.0,36.76709824669441
1900-01-01 10:40:00,RTOChowk,DOWN,30.0,40.656135590694134
1900-01-01 10:45:00,RTOChowk,DOWN,52.0,37.217341220739065
1900-01-01 10:50:00,RTOChowk,DOWN,45.0,43.47687117241965
1900-01-01 10:55:00,RTOChowk,DOWN,48.0,45.937072839668296
1900-01-01 11:00:00,RTOChowk,DOWN,26.0,46.94182296315115
1900-01-01 11:05:00,RTOChowk,DOWN,45.0,31.220497288299836
1900-01-01 11:10:00,RTOChowk,DOWN,39.0,33.211631982821245
1900-01-01 11:15:00,RTOChowk,DOWN,39.0,35.853908916287466
1900-01-01 11:20:00,RTOChowk,DOWN,17.0,32.48400899168722
1900-01-01 09:10:00,RTOChowk,LEFT,103.0,108.46016895011574
1900-01-01 09:15:00,RTOChowk,LEFT,104.0,121.28731387948925
1900-01-01 09:20:00,RTOChowk,LEFT,131.0,109.50660460842575
1900-01-01 09:25:00,RTOChowk,LEFT,104.0,126.24754280841691
1900-01-01 09:30:00,RTOChowk,LEFT,124.0,116.88327254710451
1900-01-01 09:35:00,RTOChowk,LEFT,131.0,115.61505665516114
1900-01-01 09:40:00,RTOChowk,LEFT,101.0,126.11348628121348
1900-01-01 09:45:00,RTOChowk,LEFT,127.0,114.8920580152067
1900-01-01 09:50:00,RTOChowk,LEFT,101.0,116.06207137426874
1900-01-01 09:55:00,RTOChowk,LEFT,97.0,115.6855219172184
1900-01-01 10:00:00,RTOChowk,LEFT,128.0,108.22831214378522
1900-01-01 10:05:00,RTOChowk,LEFT,125.0,117.2032199111039
1900-01-01 10:10:00,RTOChowk,LEFT,148.0,126.11068164486005
1900-01-01 10:15:00,RTOChowk,LEFT,114.0,129.22415267327858
1900-01-01 10:20:00,RTOChowk,LEFT,127.0,131.597721254159
1900-01-01 10:25:00,RTOChowk,LEFT,112.0,127.83486994647448
1900-01-01 10:30:00,RTOChowk,LEFT,142.0,129.6631941622031
1900-01-01 10:35:00,RTOChowk,LEFT,116.0,121.11699135914367
1900-01-01 10:40:00,RTOChowk,LEFT,156.0,138.60088693692768
1900-01-01 10:45:00,RTOChowk,LEFT,143.0,134.87352642677678
1900-01-01 10:50:00,RTOChowk,LEFT,127.0,137.0513770809971
1900-01-01 10:55:00,RTOChowk,LEFT,126.0,133.311325923303
1900-01-01 11:00:00,RTOChowk,LEFT,143.0,126.86634089542412
1900-01-01 11:05:00,RTOChowk,LEFT,151.0,124.19474524890217
1900-01-01 11:10:00,RTOChowk,LEFT,144.0,131.70020379544312
1900-01-01 11:15:00,RTOChowk,LEFT,110.0,137.73127598383414
1900-01-01 11:20:00,RTOChowk,LEFT,129.0,120.48759605160578
1900-01-01 09:10:00,RTOChowk,RIGHT,9.0,11.030383874818776
1900-01-01 09:15:00,RTOChowk,RIGHT,10.0,11.64792667006661
1900-01-01 09:20:00,RTOChowk,RIGHT,5.0,11.413993582178827
1900-01-01 09:25:00,RTOChowk,RIGHT,16.0,12.650535188011514
1900-01-01 09:30:00,RTOChowk,RIGHT,4.0,10.658596962327326
1900-01-01 09:35:00,RTOChowk,RIGHT,13.0,12.489535061211619
1900-01-01 09:40:00,RTOChowk,RIGHT,19.0,9.324388257785397
1900-01-01 09:45:00,RTOChowk,RIGHT,12.0,13.053491041708975
1900-01-01 09:50:00,RTOChowk,RIGHT,13.0,13.626292990569898
1900-01-01 09:55:00,RTOChowk,RIGHT,15.0,13.865685829446592
1900-01-01 10:00:00,RTOChowk,RIGHT,13.0,16.388820293578444
1900-01-01 10:05:00,RTOChowk,RIGHT,8.0,15.225767477317147
1900-01-01 10:10:00,RTOChowk,RIGHT,14.0,12.881458597696469
1900-01-01 10:15:00,RTOChowk,RIGHT,15.0,12.12416628321404
1900-01-01 10:20:00,RTOChowk,RIGHT,16.0,12.848253953966683
1900-01-01 10:25:00,RTOChowk,RIGHT,9.0,13.074199849775491
1900-01-01 10:30:00,RTOChowk,RIGHT,18.0,12.096281718194923
1900-01-01 10:35:00,RTOChowk,RIGHT,18.0,14.448293377525156
1900-01-01 10:40:00,RTOChowk,RIGHT,12.0,16.99276201051901
1900-01-01 10:45:00,RTOChowk,RIGHT,22.0,13.470104869441757
1900-01-01 10:50:00,RTOChowk,RIGHT,15.0,17.910063090340717
1900-01-01 10:55:00,RTOChowk,RIGHT,15.0,14.557353401717817
1900-01-01 11:00:00,RTOChowk,RIGHT,17.0,16.14387958764214
1900-01-01 11:05:00,RTOChowk,RIGHT,12.0,17.389599924798382
1900-01-01 11:10:00,RTOChowk,RIGHT,11.0,14.186061178618349
1900-01-01 11:15:00,RTOChowk,RIGHT,11.0,12.870071791779104
1900-01-01 11:20:00,RTOChowk,RIGHT,7.0,12.48690902750813
1900-01-01 09:10:00,RTOChowk,UP,6.0,6.871588414369666
1900-01-01 09:15:00,RTOChowk,UP,12.0,7.844582473247532
1900-01-01 09:20:00,RTOChowk,UP,15.0,10.46152999449515
1900-01-01 09:25:00,RTOChowk,UP,8.0,11.527065183955383
1900-01-01 09:30:00,RTOChowk,UP,12.0,11.538908960346085
1900-01-01 09:35:00,RTOChowk,UP,6.0,11.596031153483311
1900-01-01 09:40:00,RTOChowk,UP,7.0,11.622616775736235
1900-01-01 09:45:00,RTOChowk,UP,13.0,10.222312871017927
1900-01-01 09:50:00,RTOChowk,UP,5.0,9.386228174998923
1900-01-01 09:55:00,RTOChowk,UP,15.0,11.927188553488149
1900-01-01 10:00:00,RTOChowk,UP,14.0,11.971369345281465
1900-01-01 10:05:00,RTOChowk,UP,5.0,12.874468176080466
1900-01-01 10:10:00,RTOChowk,UP,16.0,10.901906917613905
1900-01-01 10:15:00,RTOChowk,UP,9.0,16.87989218847114
1900-01-01 10:20:00,RTOChowk,UP,5.0,11.901119686613184
1900-01-01 10:25:00,RTOChowk,UP,4.0,9.780744480292576
1900-01-01 10:30:00,RTOChowk,UP,7.0,11.607813342756529
1900-01-01 10:35:00,RTOChowk,UP,7.0,7.809670242189361
1900-01-01 10:40:00,RTOChowk,UP,8.0,4.988615914066455
1900-01-01 10:45:00,RTOChowk,UP,8.0,7.246392866196208
1900-01-01 10:50:00,RTOChowk,UP,24.0,8.068029428416835
1900-01-01 10:55:00,RTOChowk,UP,11.0,17.20940209000133
1900-01-01 11:00:00,RTOChowk,UP,10.0,15.803819934463677
1900-01-01 11:05:00,RTOChowk,UP,9.0,13.039867144509744
1900-01-01 11:10:00,RTOChowk,UP,12.0,10.844805695583482
1900-01-01 11:15:00,RTOChowk,UP,9.0,11.276216009140562
1900-01-01 11:20:00,RTOChowk,UP,6.0,11.98927303649951
1900-01-01 11:40:00,RTOChowk,DOWN,52.0,40.26245089670238
1900-01-01 11:45:00,RTOChowk,DOWN,47.0,47.050839805023706
1900-01-01 11:50:00,RTOChowk,DOWN,47.0,42.698214039513516
1900-01-01 11:55:00,RTOChowk,DOWN,6.0,37.10710180276723
1900-01-01 11:40:00,RTOChowk,LEFT,138.0,134.21229819762533
1900-01-01 11:45:00,RTOChowk,LEFT,122.0,122.12082174522608
1900-01-01 11:50:00,RTOChowk,LEFT,124.0,124.74237672335771
1900-01-01 11:55:00,RTOChowk,LEFT,47.0,104.27282878866298
1900-01-01 11:40:00,RTOChowk,RIGHT,25.0,13.894700735511725
1900-01-01 11:45:00,RTOChowk,RIGHT,15.0,21.218852033511975
1900-01-01 11:50:00,RTOChowk,RIGHT,11.0,23.338219344360787
1900-01-01 11:55:00,RTOChowk,RIGHT,1.0,11.840957222816739
1900-01-01 11:40:00,RTOChowk,UP,12.0,12.817630371760773
1900-01-01 11:45:00,RTOChowk,UP,17.0,8.557653777451575
1900-01-01 11:50:00,RTOChowk,UP,9.0,12.382499886920822
1900-01-01 11:55:00,RTOChowk,UP,1.0,11.390266885541074
1900-01-01 09:10:00,RTOChowk,DOWN,0.0,0.5207473892293186
1900-01-01 09:15:00,RTOChowk,DOWN,0.0,0.4306701449854979
1900-01-01 09:20:00,RTOChowk,DOWN,0.0,0.46701174234266446
1900-01-01 09:25:00,RTOChowk,DOWN,0.0,0.4456412275362305
1900-01-01 09:30:00,RTOChowk,DOWN,0.0,1.0214974993594552
1900-01-01 09:35:00,RTOChowk,DOWN,0.0,1.0317019982252964
1900-01-01 09:40:00,RTOChowk,DOWN,0.0,0.8694219693330174
1900-01-01 09:45:00,RTOChowk,DOWN,0.0,0.8219445964025038
1900-01-01 09:50:00,RTOChowk,DOWN,0.0,0.5690051714768058
1900-01-01 09:55:00,RTOChowk,DOWN,0.0,0.6228651718850171
1900-01-01 10:00:00,RTOChowk,DOWN,0.0,0.4233875939462252
1900-01-01 10:05:00,RTOChowk,DOWN,0.0,0.34694818403520356
1900-01-01 10:10:00,RTOChowk,DOWN,0.0,0.45796724031326796
1900-01-01 10:15:00,RTOChowk,DOWN,0.0,0.4157284544717161
1900-01-01 10:20:00,RTOChowk,DOWN,0.0,0.43142163798219285
1900-01-01 10:25:00,RTOChowk,DOWN,0.0,0.4012940348158942
1900-01-01 10:30:00,RTOChowk,DOWN,0.0,0.8513673371051166
1900-01-01 10:35:00,RTOChowk,DOWN,0.0,0.7465960770162026
1900-01-01 10:40:00,RTOChowk,DOWN,0.0,0.4959669462698185
1900-01-01 10:45:00,RTOChowk,DOWN,0.0,0.4640015963088453
1900-01-01 10:50:00,RTOChowk,DOWN,0.0,0.29054371807270163
1900-01-01 10:55:00,RTOChowk,DOWN,0.0,0.3886106216443788
1900-01-01 11:00:00,RTOChowk,DOWN,0.0,0.5212941174197905
1900-01-01 11:05:00,RTOChowk,DOWN,0.0,0.4203318137358753
1900-01-01 11:10:00,RTOChowk,DOWN,0.0,0.4736196799674268
1900-01-01 11:15:00,RTOChowk,DOWN,0.0,0.47066120581911247
1900-01-01 11:20:00,RTOChowk,DOWN,0.0,0.5177911702529585
1900-01-01 11:25:00,RTOChowk,DOWN,0.0,0.48876250394127935
1900-01-01 11:30:00,RTOChowk,DOWN,1.0,0.8201311965308635
1900-01-01 11:35:00,RTOChowk,DOWN,0.0,0.5927705019218891
1900-01-01 11:40:00,RTOChowk,DOWN,1.0,0.6569868004367981
1900-01-01 11:45:00,RTOChowk,DOWN,0.0,0.5666415281211543
1900-01-01 11:50:00,RTOChowk,DOWN,0.0,0.7105712221956124
1900-01-01 11:55:00,RTOChowk,DOWN,0.0,0.4065179080487049
1900-01-01 09:10:00,RTOChowk,LEFT,106.0,78.09994682647333
1900-01-01 09:15:00,RTOChowk,LEFT,92.0,103.35661387050277
1900-01-01 09:20:00,RTOChowk,LEFT,114.0,84.22589437887582
1900-01-01 09:25:00,RTOChowk,LEFT,88.0,109.83416783418983
1900-01-01 09:30:00,RTOChowk,LEFT,90.0,98.83377806229433
1900-01-01 09:35:00,RTOChowk,LEFT,81.0,99.46701923552452
1900-01-01 09:40:00,RTOChowk,LEFT,68.0,92.82757873219307
1900-01-01 09:45:00,RTOChowk,LEFT,99.0,79.19343207935317
1900-01-01 09:50:00,RTOChowk,LEFT,84.0,84.05921215684391
1900-01-01 09:55:00,RTOChowk,LEFT,71.0,81.51005849108657
1900-01-01 10:00:00,RTOChowk,LEFT,98.0,80.27147599101062
1900-01-01 10:05:00,RTOChowk,LEFT,71.0,89.82009075402506
1900-01-01 10:10:00,RTOChowk,LEFT,78.0,78.44013761688662
1900-01-01 10:15:00,RTOChowk,LEFT,95.0,83.15311583736087
1900-01-01 10:20:00,RTOChowk,LEFT,84.0,87.65827529344915
1900-01-01 10:25:00,RTOChowk,LEFT,76.0,80.54002476210547
1900-01-01 10:30:00,RTOChowk,LEFT,96.0,85.28582272668936
1900-01-01 10:35:00,RTOChowk,LEFT,106.0,86.79432998975166
1900-01-01 10:40:00,RTOChowk,LEFT,118.0,97.52137092744312
1900-01-01 10:45:00,RTOChowk,LEFT,99.0,119.64364434447705
1900-01-01 10:50:00,RTOChowk,LEFT,97.0,98.26143110732556
1900-01-01 10:55:00,RTOChowk,LEFT,110.0,103.62845808400654
1900-01-01 11:00:00,RTOChowk,LEFT,116.0,100.6338318732151
1900-01-01 11:05:00,RTOChowk,LEFT,106.0,110.56562379327275
1900-01-01 11:10:00,RTOChowk,LEFT,116.0,102.88549412106157
1900-01-01 11:15:00,RTOChowk,LEFT,97.0,112.32105873151751
1900-01-01 11:20:00,RTOChowk,LEFT,119.0,104.14947428480343
1900-01-01 11:25:00,RTOChowk,LEFT,96.0,107.29572297452387
1900-01-01 11:30:00,RTOChowk,LEFT,125.0,100.14528113339756
1900-01-01 11:35:00,RTOChowk,LEFT,106.0,110.91853572606686
1900-01-01 11:40:00,RTOChowk,LEFT,110.0,104.24681959344085
1900-01-01 11:45:00,RTOChowk,LEFT,110.0,102.54191669265043
1900-01-01 11:50:00,RTOChowk,LEFT,89.0,107.14388620279297
1900-01-01 11:55:00,RTOChowk,LEFT,55.0,99.62004555512014
1900-01-01 09:10:00,RTOChowk,RIGHT,0.0,0.6664971317620743
1900-01-01 09:15:00,RTOChowk,RIGHT,0.0,0.5391801993836822
1900-01-01 09:20:00,RTOChowk,RIGHT,0.0,0.7406827913316049
1900-01-01 09:25:00,RTOChowk,RIGHT,0.0,0.8622202270562397
1900-01-01 09:30:00,RTOChowk,RIGHT,1.0,1.0214974993594552
1900-01-01 09:35:00,RTOChowk,RIGHT,0.0,0.7939484203441914
1900-01-01 09:40:00,RTOChowk,RIGHT,0.0,0.9015796498289836
1900-01-01 09:45:00,RTOChowk,RIGHT,1.0,0.8052686184696884
1900-01-01 09:50:00,RTOChowk,RIGHT,1.0,0.29098366593504077
1900-01-01 09:55:00,RTOChowk,RIGHT,6.0,0.35121796348333845
1900-01-01 10:00:00,RTOChowk,RIGHT,0.0,1.687472780942992
1900-01-01 10:05:00,RTOChowk,RIGHT,2.0,2.074102776331913
1900-01-01 10:10:00,RTOChowk,RIGHT,1.0,4.754399256942261
1900-01-01 10:15:00,RTOChowk,RIGHT,0.0,2.7387034270080624
1900-01-01 10:20:00,RTOChowk,RIGHT,1.0,1.170970520856318
1900-01-01 10:25:00,RTOChowk,RIGHT,0.0,1.7147351176771541
1900-01-01 10:30:00,RTOChowk,RIGHT,0.0,0.8146430736158575
1900-01-01 10:35:00,RTOChowk,RIGHT,0.0,0.7134315188503506
1900-01-01 10:40:00,RTOChowk,RIGHT,1.0,0.6501615615555889
1900-01-01 10:45:00,RTOChowk,RIGHT,0.0,0.47101761854443486
1900-01-01 10:50:00,RTOChowk,RIGHT,0.0,0.23451141532306152
1900-01-01 10:55:00,RTOChowk,RIGHT,0.0,0.530367236343914
1900-01-01 11:00:00,RTOChowk,RIGHT,0.0,0.627432391099811
1900-01-01 11:05:00,RTOChowk,RIGHT,0.0,0.4203318137358753
1900-01-01 11:10:00,RTOChowk,RIGHT,0.0,0.4736196799674268
1900-01-01 11:15:00,RTOChowk,RIGHT,1.0,0.47066120581911247
1900-01-01 11:20:00,RTOChowk,RIGHT,0.0,0.40403161174464663
1900-01-01 11:25:00,RTOChowk,RIGHT,0.0,0.835813694407002
1900-01-01 11:30:00,RTOChowk,RIGHT,0.0,0.6091407296273829
1900-01-01 11:35:00,RTOChowk,RIGHT,3.0,1.2479644562827026
1900-01-01 11:40:00,RTOChowk,RIGHT,7.0,1.3602349180310294
1900-01-01 11:45:00,RTOChowk,RIGHT,2.0,3.7286437238949923
1900-01-01 11:50:00,RTOChowk,RIGHT,1.0,2.8226015870860914
1900-01-01 11:55:00,RTOChowk,RIGHT,0.0,2.549432601297003
1900-01-01 09:10:00,RTOChowk,UP,1.0,0.5207473892293186
1900-01-01 09:15:00,RTOChowk,UP,0.0,0.4831416562136636
1900-01-01 09:20:00,RTOChowk,UP,0.0,0.5347028244430684
1900-01-01 09:25:00,RTOChowk,UP,0.0,0.5448849797315595
1900-01-01 09:30:00,RTOChowk,UP,0.0,0.9243933881894271
1900-01-01 09:35:00,RTOChowk,UP,0.0,1.0317019982252964
1900-01-01 09:40:00,RTOChowk,UP,0.0,0.8694219693330174
1900-01-01 09:45:00,RTOChowk,UP,0.0,0.8219445964025038
1900-01-01 09:50:00,RTOChowk,UP,0.0,0.5690051714768058
1900-01-01 09:55:00,RTOChowk,UP,0.0,0.6228651718850171
1900-01-01 10:00:00,RTOChowk,UP,0.0,0.4233875939462252
1900-01-01 10:05:00,RTOChowk,UP,0.0,0.34694818403520356
1900-01-01 10:10:00,RTOChowk,UP,0.0,0.45796724031326796
1900-01-01 10:15:00,RTOChowk,UP,0.0,0.4157284544717161
1900-01-01 10:20:00,RTOChowk,UP,0.0,0.43142163798219285
1900-01-01 10:25:00,RTOChowk,UP,0.0,0.4012940348158942
1900-01-01 10:30:00,RTOChowk,UP,0.0,0.8513673371051166
1900-01-01 10:35:00,RTOChowk,UP,0.0,0.7465960770162026
1900-01-01 10:40:00,RTOChowk,UP,0.0,0.4959669462698185
1900-01-01 10:45:00,RTOChowk,UP,0.0,0.4640015963088453
1900-01-01 10:50:00,RTOChowk,UP,0.0,0.29054371807270163
1900-01-01 10:55:00,RTOChowk,UP,0.0,0.3886106216443788
1900-01-01 11:00:00,RTOChowk,UP,0.0,0.5212941174197905
1900-01-01 11:05:00,RTOChowk,UP,1.0,0.4203318137358753
1900-01-01 11:10:00,RTOChowk,UP,0.0,0.39048525325489286
1900-01-01 11:15:00,RTOChowk,UP,0.0,0.9760477358475513
1900-01-01 11:20:00,RTOChowk,UP,2.0,0.6195248067410923
1900-01-01 11:25:00,RTOChowk,UP,2.0,1.917978983726986
1900-01-01 11:30:00,RTOChowk,UP,0.0,1.2611486079346308
1900-01-01 11:35:00,RTOChowk,UP,1.0,1.8554497066260407
1900-01-01 11:40:00,RTOChowk,UP,0.0,1.7244381888248754
1900-01-01 11:45:00,RTOChowk,UP,1.0,1.624771992811938
1900-01-01 11:50:00,RTOChowk,UP,0.0,0.54857283056152
1900-01-01 11:55:00,RTOChowk,UP,0.0,1.3107444183707144
1900-01-01 09:10:00,RTOChowk,DOWN,0.0,0.5207473892293186
1900-01-01 09:15:00,RTOChowk,DOWN,0.0,0.4306701449854979
1900-01-01 09:20:00,RTOChowk,DOWN,0.0,0.46701174234266446
1900-01-01 09:25:00,RTOChowk,DOWN,0.0,0.4456412275362305
1900-01-01 09:30:00,RTOChowk,DOWN,1.0,1.0214974993594552
1900-01-01 09:35:00,RTOChowk,DOWN,0.0,0.7042766830689254
1900-01-01 09:40:00,RTOChowk,DOWN,0.0,0.9015796498289836
1900-01-01 09:45:00,RTOChowk,DOWN,0.0,0.8052686184696884
1900-01-01 09:50:00,RTOChowk,DOWN,0.0,0.2655728279706632
1900-01-01 09:55:00,RTOChowk,DOWN,0.0,0.6228651718850171
1900-01-01 10:00:00,RTOChowk,DOWN,1.0,0.4233875939462252
1900-01-01 10:05:00,RTOChowk,DOWN,1.0,0.32247060820477996
1900-01-01 10:10:00,RTOChowk,DOWN,0.0,0.5509898967906092
1900-01-01 10:15:00,RTOChowk,DOWN,0.0,0.6095512140670744
1900-01-01 10:20:00,RTOChowk,DOWN,0.0,0.7453253790908133
1900-01-01 10:25:00,RTOChowk,DOWN,0.0,0.5396336638312185
1900-01-01 10:30:00,RTOChowk,DOWN,2.0,0.8513673371051166
1900-01-01 10:35:00,RTOChowk,DOWN,0.0,0.5170011504175313
1900-01-01 10:40:00,RTOChowk,DOWN,2.0,0.8768958593841681
1900-01-01 10:45:00,RTOChowk,DOWN,2.0,1.6874477627708537
1900-01-01 10:50:00,RTOChowk,DOWN,1.0,1.8492266174175882
1900-01-01 10:55:00,RTOChowk,DOWN,0.0,1.783862944387995
1900-01-01 11:00:00,RTOChowk,DOWN,0.0,1.7318558520172171
1900-01-01 11:05:00,RTOChowk,DOWN,0.0,1.1964108321949174
1900-01-01 11:10:00,RTOChowk,DOWN,0.0,0.5905218134355467
1900-01-01 11:15:00,RTOChowk,DOWN,0.0,0.47066120581911247
1900-01-01 11:20:00,RTOChowk,DOWN,0.0,0.5177911702529585
1900-01-01 11:25:00,RTOChowk,DOWN,0.0,0.48876250394127935
1900-01-01 11:30:00,RTOChowk,DOWN,0.0,0.8201311965308635
1900-01-01 11:35:00,RTOChowk,DOWN,0.0,0.7006673228085997
1900-01-01 11:40:00,RTOChowk,DOWN,0.0,0.4096985953201156
1900-01-01 11:45:00,RTOChowk,DOWN,0.0,0.350933284994315
1900-01-01 11:50:00,RTOChowk,DOWN,0.0,0.18653207892913315
1900-01-01 11:55:00,RTOChowk,DOWN,0.0,0.26545928511111283
1900-01-01 09:10:00,RTOChowk,LEFT,149.0,145.19582436363638
1900-01-01 09:15:00,RTOChowk,LEFT,134.0,147.7796720669798
1900-01-01 09:20:00,RTOChowk,LEFT,181.0,146.6137771011175
1900-01-01 09:25:00,RTOChowk,LEFT,148.0,146.3801820486516
1900-01-01 09:30:00,RTOChowk,LEFT,152.0,148.45436848139957
1900-01-01 09:35:00,RTOChowk,LEFT,165.0,161.05492692935886
1900-01-01 09:40:00,RTOChowk,LEFT,136.0,150.2686503734787
1900-01-01 09:45:00,RTOChowk,LEFT,173.0,143.26957049618642
1900-01-01 09:50:00,RTOChowk,LEFT,148.0,143.88979070541765
1900-01-01 09:55:00,RTOChowk,LEFT,140.0,148.3497422557845
1900-01-01 10:00:00,RTOChowk,LEFT,175.0,144.0704493577653
1900-01-01 10:05:00,RTOChowk,LEFT,130.0,148.52319891988066
1900-01-01 10:10:00,RTOChowk,LEFT,159.0,138.31935276440362
1900-01-01 10:15:00,RTOChowk,LEFT,152.0,148.15702034885874
1900-01-01 10:20:00,RTOChowk,LEFT,142.0,148.51829388123835
1900-01-01 10:25:00,RTOChowk,LEFT,153.0,142.00329126137257
1900-01-01 10:30:00,RTOChowk,LEFT,120.0,146.06119678429974
1900-01-01 10:35:00,RTOChowk,LEFT,148.0,139.3117363207033
1900-01-01 10:40:00,RTOChowk,LEFT,179.0,138.0406939861432
1900-01-01 10:45:00,RTOChowk,LEFT,176.0,147.7891651372913
1900-01-01 10:50:00,RTOChowk,LEFT,151.0,153.82651950493582
1900-01-01 10:55:00,RTOChowk,LEFT,109.0,150.58113749516332
1900-01-01 11:00:00,RTOChowk,LEFT,166.0,150.57658729405688
1900-01-01 11:05:00,RTOChowk,LEFT,162.0,139.2795226892713
1900-01-01 11:10:00,RTOChowk,LEFT,127.0,141.68629250189576
1900-01-01 11:15:00,RTOChowk,LEFT,163.0,138.80578014357073
1900-01-01 11:20:00,RTOChowk,LEFT,139.0,120.31454449898273
1900-01-01 11:25:00,RTOChowk,LEFT,115.0,127.08355655692678
1900-01-01 11:30:00,RTOChowk,LEFT,108.0,127.32808471601227
1900-01-01 11:35:00,RTOChowk,LEFT,127.0,126.48025828323955
1900-01-01 11:40:00,RTOChowk,LEFT,101.0,113.2808222335987
1900-01-01 11:45:00,RTOChowk,LEFT,111.0,120.69010734944442
1900-01-01 11:50:00,RTOChowk,LEFT,72.0,105.84604364944529
1900-01-01 11:55:00,RTOChowk,LEFT,6.0,118.87498103976841
1900-01-01 09:10:00,RTOChowk,RIGHT,2.0,5.265238860539025
1900-01-01 09:15:00,RTOChowk,RIGHT,5.0,3.81610204631641
1900-01-01 09:20:00,RTOChowk,RIGHT,3.0,4.5497672364663115
1900-01-01 09:25:00,RTOChowk,RIGHT,5.0,3.069460927708461
1900-01-01 09:30:00,RTOChowk,RIGHT,16.0,5.8189691272029185
1900-01-01 09:35:00,RTOChowk,RIGHT,0.0,3.0210033264223553
1900-01-01 09:40:00,RTOChowk,RIGHT,2.0,6.510929898496129
1900-01-01 09:45:00,RTOChowk,RIGHT,77.0,4.383118458991283
1900-01-01 09:50:00,RTOChowk,RIGHT,6.0,102.97019047619045
1900-01-01 09:55:00,RTOChowk,RIGHT,1.0,15.03740407810787
1900-01-01 10:00:00,RTOChowk,RIGHT,5.0,13.534918997773191
1900-01-01 10:05:00,RTOChowk,RIGHT,7.0,14.454413666742605
1900-01-01 10:10:00,RTOChowk,RIGHT,2.0,3.4980515268779637
1900-01-01 10:15:00,RTOChowk,RIGHT,2.0,3.188117807348669
1900-01-01 10:20:00,RTOChowk,RIGHT,1.0,2.2118977428968223
1900-01-01 10:25:00,RTOChowk,RIGHT,4.0,3.3995773402991887
1900-01-01 10:30:00,RTOChowk,RIGHT,4.0,3.1637943978048613
1900-01-01 10:35:00,RTOChowk,RIGHT,1.0,2.717634726437418
1900-01-01 10:40:00,RTOChowk,RIGHT,2.0,2.8608934269992248
1900-01-01 10:45:00,RTOChowk,RIGHT,4.0,3.5169804620800216
1900-01-01 10:50:00,RTOChowk,RIGHT,11.0,2.5008960442717476
1900-01-01 10:55:00,RTOChowk,RIGHT,3.0,5.602543953935461
1900-01-01 11:00:00,RTOChowk,RIGHT,2.0,4.874127941731951
1900-01-01 11:05:00,RTOChowk,RIGHT,5.0,3.1065391881864612
1900-01-01 11:10:00,RTOChowk,RIGHT,4.0,7.622667132809344
1900-01-01 11:15:00,RTOChowk,RIGHT,23.0,3.3308560433175685
1900-01-01 11:20:00,RTOChowk,RIGHT,4.0,7.390551890905515
1900-01-01 11:25:00,RTOChowk,RIGHT,3.0,10.395943505998464
1900-01-01 11:30:00,RTOChowk,RIGHT,2.0,9.087021532022298
1900-01-01 11:35:00,RTOChowk,RIGHT,9.0,8.590311980919173
1900-01-01 11:40:00,RTOChowk,RIGHT,7.0,3.5928609234552216
1900-01-01 11:45:00,RTOChowk,RIGHT,11.0,3.285055967690702
1900-01-01 11:50:00,RTOChowk,RIGHT,2.0,6.143913125924586
1900-01-01 11:55:00,RTOChowk,RIGHT,0.0,9.508530332143126
1900-01-01 09:10:00,RTOChowk,UP,0.0,15.20098858512497
1900-01-01 09:15:00,RTOChowk,UP,1.0,2.8018489474288604
1900-01-01 09:20:00,RTOChowk,UP,1.0,1.3142915094568126
1900-01-01 09:25:00,RTOChowk,UP,7.0,1.3959116013549098
1900-01-01 09:30:00,RTOChowk,UP,0.0,2.069790919703101
1900-01-01 09:35:00,RTOChowk,UP,5.0,2.638882227445696
1900-01-01 09:40:00,RTOChowk,UP,0.0,33.817185246354754
1900-01-01 09:45:00,RTOChowk,UP,4.0,3.2827269804759815
1900-01-01 09:50:00,RTOChowk,UP,0.0,4.451360112780223
1900-01-01 09:55:00,RTOChowk,UP,1.0,2.876803157448513
1900-01-01 10:00:00,RTOChowk,UP,0.0,0.8395654396218651
1900-01-01 10:05:00,RTOChowk,UP,3.0,1.1025418195071353
1900-01-01 10:10:00,RTOChowk,UP,2.0,0.5898721959416076
1900-01-01 10:15:00,RTOChowk,UP,0.0,1.8536233371215574
1900-01-01 10:20:00,RTOChowk,UP,2.0,0.9355579123881058
1900-01-01 10:25:00,RTOChowk,UP,1.0,2.4454442426277008
1900-01-01 10:30:00,RTOChowk,UP,0.0,1.8750515102594838
1900-01-01 10:35:00,RTOChowk,UP,4.0,1.166356191507981
1900-01-01 10:40:00,RTOChowk,UP,2.0,2.447243218490151
1900-01-01 10:45:00,RTOChowk,UP,0.0,1.5496482840571806
1900-01-01 10:50:00,RTOChowk,UP,0.0,2.261397608285144
1900-01-01 10:55:00,RTOChowk,UP,5.0,1.8740928449581429
1900-01-01 11:00:00,RTOChowk,UP,4.0,1.819938549821639
1900-01-01 11:05:00,RTOChowk,UP,1.0,2.959333052344866
1900-01-01 11:10:00,RTOChowk,UP,3.0,3.0752361289235717
1900-01-01 11:15:00,RTOChowk,UP,0.0,3.7245146805468057
1900-01-01 11:20:00,RTOChowk,UP,3.0,1.9497873886232084
1900-01-01 11:25:00,RTOChowk,UP,1.0,2.0280794474283694
1900-01-01 11:30:00,RTOChowk,UP,1.0,3.2406306338282604
1900-01-01 11:35:00,RTOChowk,UP,1.0,1.3676684586456545
1900-01-01 11:40:00,RTOChowk,UP,9.0,1.537917698200826
1900-01-01 11:45:00,RTOChowk,UP,0.0,3.0391270664253565
1900-01-01 11:50:00,RTOChowk,UP,0.0,2.190193424586987
1900-01-01 11:55:00,RTOChowk,UP,0.0,2.4189830588390873
1900-01-01 09:10:00,RTOChowk,DOWN,1.0,0.6456805530867874
1900-01-01 09:15:00,RTOChowk,DOWN,0.0,0.8827651449709749
1900-01-01 09:20:00,RTOChowk,DOWN,0.0,0.6406354532800195
1900-01-01 09:25:00,RTOChowk,DOWN,0.0,0.5448849797315595
1900-01-01 09:30:00,RTOChowk,DOWN,0.0,0.9243933881894271
1900-01-01 09:35:00,RTOChowk,DOWN,1.0,1.0317019982252964
1900-01-01 09:40:00,RTOChowk,DOWN,0.0,0.5519340209644169
1900-01-01 09:45:00,RTOChowk,DOWN,1.0,0.5261230657388768
1900-01-01 09:50:00,RTOChowk,DOWN,2.0,0.6214391992713574
1900-01-01 09:55:00,RTOChowk,DOWN,0.0,1.373511887249748
1900-01-01 10:00:00,RTOChowk,DOWN,0.0,0.7329524155813235
1900-01-01 10:05:00,RTOChowk,DOWN,1.0,0.8417307950362286
1900-01-01 10:10:00,RTOChowk,DOWN,0.0,1.0751881181096692
1900-01-01 10:15:00,RTOChowk,DOWN,2.0,0.5867967608750156
1900-01-01 10:20:00,RTOChowk,DOWN,0.0,0.7814322126354274
1900-01-01 10:25:00,RTOChowk,DOWN,0.0,1.396385362713495
1900-01-01 10:30:00,RTOChowk,DOWN,1.0,0.7149418529701254
1900-01-01 10:35:00,RTOChowk,DOWN,0.0,1.2455916027226117
1900-01-01 10:40:00,RTOChowk,DOWN,1.0,0.719959547120279
1900-01-01 10:45:00,RTOChowk,DOWN,0.0,0.648894951104286
1900-01-01 10:50:00,RTOChowk,DOWN,0.0,0.9316748911271078
1900-01-01 10:55:00,RTOChowk,DOWN,1.0,0.530367236343914
1900-01-01 11:00:00,RTOChowk,DOWN,0.0,1.400284675960731
1900-01-01 11:05:00,RTOChowk,DOWN,0.0,0.9244616005773384
1900-01-01 11:10:00,RTOChowk,DOWN,0.0,0.6331790353290185
1900-01-01 11:15:00,RTOChowk,DOWN,0.0,0.6598707882036026
1900-01-01 11:20:00,RTOChowk,DOWN,0.0,0.5177911702529585
1900-01-01 11:25:00,RTOChowk,DOWN,0.0,0.48876250394127935
1900-01-01 11:30:00,RTOChowk,DOWN,0.0,0.8201311965308635
1900-01-01 11:35:00,RTOChowk,DOWN,0.0,0.7006673228085997
1900-01-01 11:40:00,RTOChowk,DOWN,0.0,0.4096985953201156
1900-01-01 11:45:00,RTOChowk,DOWN,0.0,0.350933284994315
1900-01-01 11:50:00,RTOChowk,DOWN,0.0,0.18653207892913315
1900-01-01 11:55:00,RTOChowk,DOWN,0.0,0.26545928511111283
1900-01-01 09:10:00,RTOChowk,LEFT,140.0,137.51480397648072
1900-01-01 09:15:00,RTOChowk,LEFT,157.0,135.91355891285812
1900-01-01 09:20:00,RTOChowk,LEFT,125.0,144.45390424161806
1900-01-01 09:25:00,RTOChowk,LEFT,155.0,137.85067874089654
1900-01-01 09:30:00,RTOChowk,LEFT,136.0,142.47009225695558
1900-01-01 09:35:00,RTOChowk,LEFT,170.0,141.74970549698853
1900-01-01 09:40:00,RTOChowk,LEFT,160.0,142.25425016448943
1900-01-01 09:45:00,RTOChowk,LEFT,132.0,148.58891141632037
1900-01-01 09:50:00,RTOChowk,LEFT,167.0,143.6028505479517
1900-01-01 09:55:00,RTOChowk,LEFT,134.0,143.1412600567802
1900-01-01 10:00:00,RTOChowk,LEFT,143.0,142.44236058859786
1900-01-01 10:05:00,RTOChowk,LEFT,116.0,138.79367183270006
1900-01-01 10:10:00,RTOChowk,LEFT,134.0,143.9817061959181
1900-01-01 10:15:00,RTOChowk,LEFT,152.0,130.56710742883124
1900-01-01 10:20:00,RTOChowk,LEFT,92.0,142.11390805255616
1900-01-01 10:25:00,RTOChowk,LEFT,142.0,151.3743094760258
1900-01-01 10:30:00,RTOChowk,LEFT,144.0,121.349633630741
1900-01-01 10:35:00,RTOChowk,LEFT,117.0,143.77735908264404
1900-01-01 10:40:00,RTOChowk,LEFT,163.0,134.32365991027086
1900-01-01 10:45:00,RTOChowk,LEFT,119.0,139.63073586373804
1900-01-01 10:50:00,RTOChowk,LEFT,171.0,135.2452681262533
1900-01-01 10:55:00,RTOChowk,LEFT,132.0,137.12044151720275
1900-01-01 11:00:00,RTOChowk,LEFT,133.0,139.12002374980202
1900-01-01 11:05:00,RTOChowk,LEFT,147.0,136.4814833959994
1900-01-01 11:10:00,RTOChowk,LEFT,126.0,136.31348071132956
1900-01-01 11:15:00,RTOChowk,LEFT,133.0,133.98648125999102
1900-01-01 11:20:00,RTOChowk,LEFT,133.0,113.22833425187078
1900-01-01 11:25:00,RTOChowk,LEFT,102.0,117.91432769156297
1900-01-01 11:30:00,RTOChowk,LEFT,119.0,120.03273774804843
1900-01-01 11:35:00,RTOChowk,LEFT,102.0,111.51305200181318
1900-01-01 11:40:00,RTOChowk,LEFT,130.0,128.94047139416801
1900-01-01 11:45:00,RTOChowk,LEFT,128.0,109.323527939798
1900-01-01 11:50:00,RTOChowk,LEFT,108.0,118.17385054390816
1900-01-01 11:55:00,RTOChowk,LEFT,52.0,104.96127430251188
1900-01-01 09:10:00,RTOChowk,RIGHT,0.0,0.9353942049770904
1900-01-01 09:15:00,RTOChowk,RIGHT,0.0,0.8491631370286323
1900-01-01 09:20:00,RTOChowk,RIGHT,2.0,1.0464516419591703
1900-01-01 09:25:00,RTOChowk,RIGHT,0.0,1.9255382559174146
1900-01-01 09:30:00,RTOChowk,RIGHT,3.0,0.650654938454788
1900-01-01 09:35:00,RTOChowk,RIGHT,4.0,1.6564412378590874
1900-01-01 09:40:00,RTOChowk,RIGHT,1.0,2.8624614311094247
1900-01-01 09:45:00,RTOChowk,RIGHT,2.0,2.962069856075371
1900-01-01 09:50:00,RTOChowk,RIGHT,2.0,5.076778660233623
1900-01-01 09:55:00,RTOChowk,RIGHT,1.0,2.2046366549194136
1900-01-01 10:00:00,RTOChowk,RIGHT,1.0,1.559356384306854
1900-01-01 10:05:00,RTOChowk,RIGHT,1.0,1.593830244465251
1900-01-01 10:10:00,RTOChowk,RIGHT,9.0,1.438668860121528
1900-01-01 10:15:00,RTOChowk,RIGHT,1.0,3.3387271716559677
1900-01-01 10:20:00,RTOChowk,RIGHT,1.0,2.691224751849151
1900-01-01 10:25:00,RTOChowk,RIGHT,1.0,2.710647229979441
1900-01-01 10:30:00,RTOChowk,RIGHT,5.0,2.749480378783143
1900-01-01 10:35:00,RTOChowk,RIGHT,0.0,2.576556971237855
1900-01-01 10:40:00,RTOChowk,RIGHT,0.0,2.3864636904685774
1900-01-01 10:45:00,RTOChowk,RIGHT,1.0,3.5444389862427332
1900-01-01 10:50:00,RTOChowk,RIGHT,1.0,1.9372733594811458
1900-01-01 10:55:00,RTOChowk,RIGHT,2.0,0.2874959740587784
1900-01-01 11:00:00,RTOChowk,RIGHT,2.0,1.0503303204001717
1900-01-01 11:05:00,RTOChowk,RIGHT,2.0,1.8731438547558263
1900-01-01 11:10:00,RTOChowk,RIGHT,1.0,2.0362725396924137
1900-01-01 11:15:00,RTOChowk,RIGHT,0.0,1.8330276687279765
1900-01-01 11:20:00,RTOChowk,RIGHT,2.0,2.243057496924222
1900-01-01 11:25:00,RTOChowk,RIGHT,1.0,1.7230845653917628
1900-01-01 11:30:00,RTOChowk,RIGHT,0.0,1.8360208416777437
1900-01-01 11:35:00,RTOChowk,RIGHT,1.0,1.383915441747933
1900-01-01 11:40:00,RTOChowk,RIGHT,0.0,1.6458725170972437
1900-01-01 11:45:00,RTOChowk,RIGHT,1.0,0.7960212560403984
1900-01-01 11:50:00,RTOChowk,RIGHT,0.0,0.417683010478526
1900-01-01 11:55:00,RTOChowk,RIGHT,0.0,1.3107444183707144
1900-01-01 09:10:00,RTOChowk,UP,5.0,3.7259616472549273
1900-01-01 09:15:00,RTOChowk,UP,4.0,5.695608255446396
1900-01-01 09:20:00,RTOChowk,UP,2.0,3.5595777846903074
1900-01-01 09:25:00,RTOChowk,UP,2.0,3.3756977975243205
1900-01-01 09:30:00,RTOChowk,UP,7.0,3.615770523321854
1900-01-01 09:35:00,RTOChowk,UP,3.0,3.8055023726346504
1900-01-01 09:40:00,RTOChowk,UP,8.0,2.639858817272958
1900-01-01 09:45:00,RTOChowk,UP,5.0,4.82322666117967
1900-01-01 09:50:00,RTOChowk,UP,8.0,8.444593057629323
1900-01-01 09:55:00,RTOChowk,UP,5.0,5.9017781591880745
1900-01-01 10:00:00,RTOChowk,UP,10.0,10.919622047077041
1900-01-01 10:05:00,RTOChowk,UP,6.0,9.826456811688084
1900-01-01 10:10:00,RTOChowk,UP,9.0,9.670506599306165
1900-01-01 10:15:00,RTOChowk,UP,6.0,9.45216569795551
1900-01-01 10:20:00,RTOChowk,UP,5.0,9.837090929766863
1900-01-01 10:25:00,RTOChowk,UP,2.0,7.706021244569249
1900-01-01 10:30:00,RTOChowk,UP,16.0,8.471586279947749
1900-01-01 10:35:00,RTOChowk,UP,3.0,5.53460030320574
1900-01-01 10:40:00,RTOChowk,UP,9.0,9.307900842224257
1900-01-01 10:45:00,RTOChowk,UP,1.0,8.498660489389948
1900-01-01 10:50:00,RTOChowk,UP,8.0,11.125654113629913
1900-01-01 10:55:00,RTOChowk,UP,7.0,4.230375542057098
1900-01-01 11:00:00,RTOChowk,UP,10.0,8.903914015031
1900-01-01 11:05:00,RTOChowk,UP,5.0,9.545113217064124
1900-01-01 11:10:00,RTOChowk,UP,2.0,9.373935945643023
1900-01-01 11:15:00,RTOChowk,UP,3.0,4.7269682797859875
1900-01-01 11:20:00,RTOChowk,UP,5.0,4.547527282654405
1900-01-01 11:25:00,RTOChowk,UP,7.0,3.6182042739438485
1900-01-01 11:30:00,RTOChowk,UP,5.0,4.2515904860416915
1900-01-01 11:35:00,RTOChowk,UP,9.0,3.9907028662238737
1900-01-01 11:40:00,RTOChowk,UP,5.0,6.124539645442996
1900-01-01 11:45:00,RTOChowk,UP,5.0,6.803357358687412
1900-01-01 11:50:00,RTOChowk,UP,9.0,6.004559691884554
1900-01-01 11:55:00,RTOChowk,UP,5.0,11.469360942038348
1900-01-01 09:10:00,RTOChowk,DOWN,1.0,0.5207473892293186
1900-01-01 09:15:00,RTOChowk,DOWN,1.0,0.4831416562136636
1900-01-01 09:20:00,RTOChowk,DOWN,0.0,0.5107769849082601
1900-01-01 09:25:00,RTOChowk,DOWN,0.0,0.6727463255592808
1900-01-01 09:30:00,RTOChowk,DOWN,0.0,0.8348636513172825
1900-01-01 09:35:00,RTOChowk,DOWN,1.0,1.5620458544789033
1900-01-01 09:40:00,RTOChowk,DOWN,1.0,0.7078287153504875
1900-01-01 09:45:00,RTOChowk,DOWN,0.0,0.3431618231200339
1900-01-01 09:50:00,RTOChowk,DOWN,0.0,1.148269282727688
1900-01-01 09:55:00,RTOChowk,DOWN,0.0,1.033598499481167
1900-01-01 10:00:00,RTOChowk,DOWN,0.0,0.5139815187722366
1900-01-01 10:05:00,RTOChowk,DOWN,0.0,0.34694818403520356
1900-01-01 10:10:00,RTOChowk,DOWN,0.0,0.45796724031326796
1900-01-01 10:15:00,RTOChowk,DOWN,0.0,0.4157284544717161
1900-01-01 10:20:00,RTOChowk,DOWN,0.0,0.43142163798219285
1900-01-01 10:25:00,RTOChowk,DOWN,0.0,0.4012940348158942
1900-01-01 10:30:00,RTOChowk,DOWN,0.0,0.8513673371051166
1900-01-01 10:35:00,RTOChowk,DOWN,0.0,0.7465960770162026
1900-01-01 10:40:00,RTOChowk,DOWN,0.0,0.4959669462698185
1900-01-01 10:45:00,RTOChowk,DOWN,0.0,0.4640015963088453
1900-01-01 10:50:00,RTOChowk,DOWN,0.0,0.29054371807270163
1900-01-01 10:55:00,RTOChowk,DOWN,0.0,0.3886106216443788
1900-01-01 11:00:00,RTOChowk,DOWN,1.0,0.5212941174197905
1900-01-01 11:05:00,RTOChowk,DOWN,0.0,0.40336735392512535
1900-01-01 11:10:00,RTOChowk,DOWN,0.0,0.9981239524937361
1900-01-01 11:15:00,RTOChowk,DOWN,0.0,0.6421938299265516
1900-01-01 11:20:00,RTOChowk,DOWN,0.0,0.7070425797101039
1900-01-01 11:25:00,RTOChowk,DOWN,0.0,0.48876250394127935
1900-01-01 11:30:00,RTOChowk,DOWN,0.0,0.8201311965308635
1900-01-01 11:35:00,RTOChowk,DOWN,0.0,0.7006673228085997
1900-01-01 11:40:00,RTOChowk,DOWN,0.0,0.4096985953201156
1900-01-01 11:45:00,RTOChowk,DOWN,1.0,0.350933284994315
1900-01-01 11:50:00,RTOChowk,DOWN,0.0,0.27513533289428926
1900-01-01 11:55:00,RTOChowk,DOWN,0.0,0.23070866455617955
1900-01-01 09:10:00,RTOChowk,LEFT,157.0,153.4292863868089
1900-01-01 09:15:00,RTOChowk,LEFT,148.0,148.5385832319675
1900-01-01 09:20:00,RTOChowk,LEFT,158.0,146.63661414318352
1900-01-01 09:25:00,RTOChowk,LEFT,122.0,148.0309888145171
1900-01-01 09:30:00,RTOChowk,LEFT,171.0,142.9294096991757
1900-01-01 09:35:00,RTOChowk,LEFT,149.0,140.613666103549
1900-01-01 09:40:00,RTOChowk,LEFT,105.0,147.15557813879528
1900-01-01 09:45:00,RTOChowk,LEFT,180.0,139.43655894721635
1900-01-01 09:50:00,RTOChowk,LEFT,143.0,139.7511182561065
1900-01-01 09:55:00,RTOChowk,LEFT,135.0,136.98158020742028
1900-01-01 10:00:00,RTOChowk,LEFT,133.0,145.14943678553442
1900-01-01 10:05:00,RTOChowk,LEFT,124.0,133.569111732505
1900-01-01 10:10:00,RTOChowk,LEFT,114.0,132.95014193020802
1900-01-01 10:15:00,RTOChowk,LEFT,102.0,124.77276821599264
1900-01-01 10:20:00,RTOChowk,LEFT,144.0,118.99905019884284
1900-01-01 10:25:00,RTOChowk,LEFT,159.0,128.16672136019463
1900-01-01 10:30:00,RTOChowk,LEFT,143.0,144.3118459456587
1900-01-01 10:35:00,RTOChowk,LEFT,115.0,141.57601570263276
1900-01-01 10:40:00,RTOChowk,LEFT,154.0,134.95712690969202
1900-01-01 10:45:00,RTOChowk,LEFT,115.0,140.15212225007306
1900-01-01 10:50:00,RTOChowk,LEFT,126.0,133.41441370659936
1900-01-01 10:55:00,RTOChowk,LEFT,151.0,123.70274691491504
1900-01-01 11:00:00,RTOChowk,LEFT,124.0,130.06875308141304
1900-01-01 11:05:00,RTOChowk,LEFT,126.0,130.63152260482005
1900-01-01 11:10:00,RTOChowk,LEFT,158.0,126.03062407717144
1900-01-01 11:15:00,RTOChowk,LEFT,127.0,133.35733548159203
1900-01-01 11:20:00,RTOChowk,LEFT,119.0,124.08251896982664
1900-01-01 11:25:00,RTOChowk,LEFT,131.0,119.65117941490688
1900-01-01 11:30:00,RTOChowk,LEFT,105.0,123.82622242435012
1900-01-01 11:35:00,RTOChowk,LEFT,137.0,111.97680643192844
1900-01-01 11:40:00,RTOChowk,LEFT,132.0,113.80383679695798
1900-01-01 11:45:00,RTOChowk,LEFT,115.0,128.99031992278032
1900-01-01 11:50:00,RTOChowk,LEFT,130.0,120.74801552080979
1900-01-01 11:55:00,RTOChowk,LEFT,36.0,106.91105261982857
1900-01-01 09:10:00,RTOChowk,RIGHT,2.0,3.1807554516048206
1900-01-01 09:15:00,RTOChowk,RIGHT,0.0,3.1105856677963737
1900-01-01 09:20:00,RTOChowk,RIGHT,0.0,3.6514556362781185
1900-01-01 09:25:00,RTOChowk,RIGHT,1.0,1.403117651459141
1900-01-01 09:30:00,RTOChowk,RIGHT,2.0,1.281421605344662
1900-01-01 09:35:00,RTOChowk,RIGHT,4.0,1.1805330628979485
1900-01-01 09:40:00,RTOChowk,RIGHT,10.0,2.426040858036247
1900-01-01 09:45:00,RTOChowk,RIGHT,1.0,5.2883623929935455
1900-01-01 09:50:00,RTOChowk,RIGHT,9.0,3.6179727692439063
1900-01-01 09:55:00,RTOChowk,RIGHT,3.0,4.653231405624314
1900-01-01 10:00:00,RTOChowk,RIGHT,1.0,11.204751875481335
1900-01-01 10:05:00,RTOChowk,RIGHT,1.0,2.4786133978146982
1900-01-01 10:10:00,RTOChowk,RIGHT,1.0,3.148606751195481
1900-01-01 10:15:00,RTOChowk,RIGHT,1.0,1.760653508473321
1900-01-01 10:20:00,RTOChowk,RIGHT,2.0,1.6987793474499224
1900-01-01 10:25:00,RTOChowk,RIGHT,1.0,1.6542550035976644
1900-01-01 10:30:00,RTOChowk,RIGHT,1.0,1.8446523395221655
1900-01-01 10:35:00,RTOChowk,RIGHT,2.0,1.9178162177846818
1900-01-01 10:40:00,RTOChowk,RIGHT,0.0,1.7683999343984476
1900-01-01 10:45:00,RTOChowk,RIGHT,7.0,1.7095519045243353
1900-01-01 10:50:00,RTOChowk,RIGHT,1.0,3.13775466063005
1900-01-01 10:55:00,RTOChowk,RIGHT,1.0,2.72945327643541
1900-01-01 11:00:00,RTOChowk,RIGHT,2.0,2.0663348927883867
1900-01-01 11:05:00,RTOChowk,RIGHT,1.0,4.397380684903815
1900-01-01 11:10:00,RTOChowk,RIGHT,19.0,1.4639946048152277
1900-01-01 11:15:00,RTOChowk,RIGHT,2.0,3.0273599292845876
1900-01-01 11:20:00,RTOChowk,RIGHT,1.0,11.408349324526048
1900-01-01 11:25:00,RTOChowk,RIGHT,2.0,6.584686991869918
1900-01-01 11:30:00,RTOChowk,RIGHT,2.0,6.799571414898439
1900-01-01 11:35:00,RTOChowk,RIGHT,3.0,2.235048239680132
1900-01-01 11:40:00,RTOChowk,RIGHT,2.0,2.119269951800288
1900-01-01 11:45:00,RTOChowk,RIGHT,1.0,2.1371693468288804
1900-01-01 11:50:00,RTOChowk,RIGHT,3.0,2.2832767568031636
1900-01-01 11:55:00,RTOChowk,RIGHT,1.0,5.544159330645729
1900-01-01 09:10:00,RTOChowk,UP,2.0,1.3456171794548633
1900-01-01 09:15:00,RTOChowk,UP,0.0,1.850333604834536
1900-01-01 09:20:00,RTOChowk,UP,8.0,0.9730245950064379
1900-01-01 09:25:00,RTOChowk,UP,0.0,1.8453186029284887
1900-01-01 09:30:00,RTOChowk,UP,0.0,2.5508970537184563
1900-01-01 09:35:00,RTOChowk,UP,1.0,20.578848369452647
1900-01-01 09:40:00,RTOChowk,UP,7.0,5.198318588280247
1900-01-01 09:45:00,RTOChowk,UP,1.0,1.0543637430788169
1900-01-01 09:50:00,RTOChowk,UP,0.0,2.570072895183694
1900-01-01 09:55:00,RTOChowk,UP,0.0,36.416987440228546
1900-01-01 10:00:00,RTOChowk,UP,0.0,2.192541207653434
1900-01-01 10:05:00,RTOChowk,UP,1.0,0.4573092128545982
1900-01-01 10:10:00,RTOChowk,UP,0.0,0.3993733067251081
1900-01-01 10:15:00,RTOChowk,UP,1.0,0.5867967608750156
1900-01-01 10:20:00,RTOChowk,UP,0.0,1.1971925383221453
1900-01-01 10:25:00,RTOChowk,UP,2.0,0.7597932782036411
1900-01-01 10:30:00,RTOChowk,UP,0.0,0.8215678748791586
1900-01-01 10:35:00,RTOChowk,UP,0.0,1.4224064023983083
1900-01-01 10:40:00,RTOChowk,UP,0.0,0.9031406045047184
1900-01-01 10:45:00,RTOChowk,UP,0.0,0.7997137560822636
1900-01-01 10:50:00,RTOChowk,UP,2.0,0.29054371807270163
1900-01-01 10:55:00,RTOChowk,UP,0.0,0.5309233999256
1900-01-01 11:00:00,RTOChowk,UP,1.0,0.6924384365720812
1900-01-01 11:05:00,RTOChowk,UP,1.0,0.7581415612640048
1900-01-01 11:10:00,RTOChowk,UP,0.0,1.43918192099618
1900-01-01 11:15:00,RTOChowk,UP,0.0,0.6222934486964191
1900-01-01 11:20:00,RTOChowk,UP,0.0,0.6642221591629006
1900-01-01 11:25:00,RTOChowk,UP,0.0,0.6610998848609679
1900-01-01 11:30:00,RTOChowk,UP,1.0,0.8201311965308635
1900-01-01 11:35:00,RTOChowk,UP,3.0,0.4272804097696591
1900-01-01 11:40:00,RTOChowk,UP,1.0,1.6280910006644107
1900-01-01 11:45:00,RTOChowk,UP,3.0,1.599582952358607
1900-01-01 11:50:00,RTOChowk,UP,1.0,1.5532738266878277
1900-01-01 11:55:00,RTOChowk,UP,0.0,2.3708298761024427
1900-01-01 09:10:00,RTOChowk,DOWN,0.0,0.5207473892293186
1900-01-01 09:15:00,RTOChowk,DOWN,0.0,0.4306701449854979
1900-01-01 09:20:00,RTOChowk,DOWN,0.0,0.46701174234266446
1900-01-01 09:25:00,RTOChowk,DOWN,0.0,0.4456412275362305
1900-01-01 09:30:00,RTOChowk,DOWN,1.0,1.0214974993594552
1900-01-01 09:35:00,RTOChowk,DOWN,1.0,0.7042766830689254
1900-01-01 09:40:00,RTOChowk,DOWN,0.0,0.6309195633116442
1900-01-01 09:45:00,RTOChowk,DOWN,1.0,0.8833048201827032
1900-01-01 09:50:00,RTOChowk,DOWN,0.0,0.9879510305237996
1900-01-01 09:55:00,RTOChowk,DOWN,1.0,0.9613762684857236
1900-01-01 10:00:00,RTOChowk,DOWN,1.0,0.386956685592666
1900-01-01 10:05:00,RTOChowk,DOWN,0.0,0.7100332527534863
1900-01-01 10:10:00,RTOChowk,DOWN,0.0,0.6433888295541134
1900-01-01 10:15:00,RTOChowk,DOWN,0.0,0.7514036591119577
1900-01-01 10:20:00,RTOChowk,DOWN,0.0,0.5729983247983143
1900-01-01 10:25:00,RTOChowk,DOWN,0.0,0.4012940348158942
1900-01-01 10:30:00,RTOChowk,DOWN,0.0,0.8513673371051166
1900-01-01 10:35:00,RTOChowk,DOWN,0.0,0.7465960770162026
1900-01-01 10:40:00,RTOChowk,DOWN,0.0,0.4959669462698185
1900-01-01 10:45:00,RTOChowk,DOWN,0.0,0.4640015963088453
1900-01-01 10:50:00,RTOChowk,DOWN,0.0,0.29054371807270163
1900-01-01 10:55:00,RTOChowk,DOWN,1.0,0.3886106216443788
1900-01-01 11:00:00,RTOChowk,DOWN,1.0,0.6869169143800934
1900-01-01 11:05:00,RTOChowk,DOWN,0.0,0.8062520369309765
1900-01-01 11:10:00,RTOChowk,DOWN,1.0,0.6436716420554361
1900-01-01 11:15:00,RTOChowk,DOWN,0.0,0.9501100187705915
1900-01-01 11:20:00,RTOChowk,DOWN,0.0,0.728778289451849
1900-01-01 11:25:00,RTOChowk,DOWN,0.0,0.6045284979094528
1900-01-01 11:30:00,RTOChowk,DOWN,0.0,0.7201334402006115
1900-01-01 11:35:00,RTOChowk,DOWN,0.0,0.7006673228085997
1900-01-01 11:40:00,RTOChowk,DOWN,0.0,0.4096985953201156
1900-01-01 11:45:00,RTOChowk,DOWN,0.0,0.350933284994315
1900-01-01 11:50:00,RTOChowk,DOWN,0.0,0.18653207892913315
1900-01-01 11:55:00,RTOChowk,DOWN,0.0,0.26545928511111283
1900-01-01 09:10:00,RTOChowk,LEFT,158.0,125.29264629684887
1900-01-01 09:15:00,RTOChowk,LEFT,161.0,138.58279378329556
1900-01-01 09:20:00,RTOChowk,LEFT,170.0,148.59246954173253
1900-01-01 09:25:00,RTOChowk,LEFT,118.0,150.45944755391744
1900-01-01 09:30:00,RTOChowk,LEFT,167.0,137.19337473820755
1900-01-01 09:35:00,RTOChowk,LEFT,138.0,154.83725153517807
1900-01-01 09:40:00,RTOChowk,LEFT,105.0,143.83441127588404
1900-01-01 09:45:00,RTOChowk,LEFT,129.0,131.2770070895052
1900-01-01 09:50:00,RTOChowk,LEFT,139.0,128.84522410566376
1900-01-01 09:55:00,RTOChowk,LEFT,140.0,133.06971878819152
1900-01-01 10:00:00,RTOChowk,LEFT,100.0,136.26111276657866
1900-01-01 10:05:00,RTOChowk,LEFT,121.0,118.49257528834286
1900-01-01 10:10:00,RTOChowk,LEFT,148.0,129.37578806093939
1900-01-01 10:15:00,RTOChowk,LEFT,122.0,134.61138772231953
1900-01-01 10:20:00,RTOChowk,LEFT,145.0,136.9385192479218
1900-01-01 10:25:00,RTOChowk,LEFT,165.0,134.59941240881827
1900-01-01 10:30:00,RTOChowk,LEFT,135.0,146.11345273070611
1900-01-01 10:35:00,RTOChowk,LEFT,97.0,142.66399409366574
1900-01-01 10:40:00,RTOChowk,LEFT,117.0,132.49363679855986
1900-01-01 10:45:00,RTOChowk,LEFT,96.0,121.27924270931254
1900-01-01 10:50:00,RTOChowk,LEFT,119.0,106.24590427282706
1900-01-01 10:55:00,RTOChowk,LEFT,101.0,109.36375314900701
1900-01-01 11:00:00,RTOChowk,LEFT,171.0,101.20749470967542
1900-01-01 11:05:00,RTOChowk,LEFT,137.0,124.50392299383444
1900-01-01 11:10:00,RTOChowk,LEFT,120.0,133.3446705580786
1900-01-01 11:15:00,RTOChowk,LEFT,119.0,131.65480671863878
1900-01-01 11:20:00,RTOChowk,LEFT,172.0,122.27339255551372
1900-01-01 11:25:00,RTOChowk,LEFT,154.0,117.73485174406764
1900-01-01 11:30:00,RTOChowk,LEFT,153.0,133.86563554972804
1900-01-01 11:35:00,RTOChowk,LEFT,169.0,143.399950213536
1900-01-01 11:40:00,RTOChowk,LEFT,141.0,149.2871453725119
1900-01-01 11:45:00,RTOChowk,LEFT,120.0,146.905815774432
1900-01-01 11:50:00,RTOChowk,LEFT,131.0,132.7502669426013
1900-01-01 11:55:00,RTOChowk,LEFT,16.0,121.164911889114
1900-01-01 09:10:00,RTOChowk,RIGHT,0.0,1.7257046725688412
1900-01-01 09:15:00,RTOChowk,RIGHT,0.0,5.119298823211451
1900-01-01 09:20:00,RTOChowk,RIGHT,3.0,1.510487083584252
1900-01-01 09:25:00,RTOChowk,RIGHT,4.0,2.1142432070526715
1900-01-01 09:30:00,RTOChowk,RIGHT,3.0,3.047031527063898
1900-01-01 09:35:00,RTOChowk,RIGHT,2.0,2.5057470779828064
1900-01-01 09:40:00,RTOChowk,RIGHT,3.0,3.0558989767566014
1900-01-01 09:45:00,RTOChowk,RIGHT,4.0,3.078042656433289
1900-01-01 09:50:00,RTOChowk,RIGHT,0.0,2.960905844831535
1900-01-01 09:55:00,RTOChowk,RIGHT,1.0,2.8940645537529237
1900-01-01 10:00:00,RTOChowk,RIGHT,2.0,3.6384369394224887
1900-01-01 10:05:00,RTOChowk,RIGHT,1.0,1.6833917257754538
1900-01-01 10:10:00,RTOChowk,RIGHT,1.0,0.9941538127356817
1900-01-01 10:15:00,RTOChowk,RIGHT,2.0,1.6357910996129832
1900-01-01 10:20:00,RTOChowk,RIGHT,3.0,1.9917335581658009
1900-01-01 10:25:00,RTOChowk,RIGHT,4.0,2.232847223017445
1900-01-01 10:30:00,RTOChowk,RIGHT,3.0,2.8490220690331887
1900-01-01 10:35:00,RTOChowk,RIGHT,1.0,3.0642275228849893
1900-01-01 10:40:00,RTOChowk,RIGHT,15.0,2.82491223556037
1900-01-01 10:45:00,RTOChowk,RIGHT,0.0,4.275902370246809
1900-01-01 10:50:00,RTOChowk,RIGHT,0.0,8.429402777777781
1900-01-01 10:55:00,RTOChowk,RIGHT,6.0,4.481622395863709
1900-01-01 11:00:00,RTOChowk,RIGHT,1.0,5.02805276701359
1900-01-01 11:05:00,RTOChowk,RIGHT,10.0,2.3305378944727284
1900-01-01 11:10:00,RTOChowk,RIGHT,1.0,8.79610385017578
1900-01-01 11:15:00,RTOChowk,RIGHT,1.0,7.926037087689775
1900-01-01 11:20:00,RTOChowk,RIGHT,1.0,2.187261316332537
1900-01-01 11:25:00,RTOChowk,RIGHT,4.0,2.7625686087909105
1900-01-01 11:30:00,RTOChowk,RIGHT,3.0,2.451899350638785
1900-01-01 11:35:00,RTOChowk,RIGHT,1.0,2.721922115082251
1900-01-01 11:40:00,RTOChowk,RIGHT,3.0,2.030626953846321
1900-01-01 11:45:00,RTOChowk,RIGHT,2.0,3.192576957907912
1900-01-01 11:50:00,RTOChowk,RIGHT,2.0,2.2795721466400254
1900-01-01 11:55:00,RTOChowk,RIGHT,0.0,2.551750563553231
1900-01-01 09:10:00,RTOChowk,UP,1.0,0.5207473892293186
1900-01-01 09:15:00,RTOChowk,UP,1.0,0.4831416562136636
1900-01-01 09:20:00,RTOChowk,UP,2.0,0.8161867347246166
1900-01-01 09:25:00,RTOChowk,UP,2.0,1.3551745904327661
1900-01-01 09:30:00,RTOChowk,UP,1.0,1.6855202721825682
1900-01-01 09:35:00,RTOChowk,UP,1.0,2.167920724956039
1900-01-01 09:40:00,RTOChowk,UP,4.0,1.5742792478537706
1900-01-01 09:45:00,RTOChowk,UP,0.0,1.8861138800416806
1900-01-01 09:50:00,RTOChowk,UP,0.0,2.1164740858286275
1900-01-01 09:55:00,RTOChowk,UP,0.0,2.8332157980414308
1900-01-01 10:00:00,RTOChowk,UP,0.0,1.2832025406710377
1900-01-01 10:05:00,RTOChowk,UP,0.0,0.34694818403520356
1900-01-01 10:10:00,RTOChowk,UP,1.0,0.45796724031326796
1900-01-01 10:15:00,RTOChowk,UP,0.0,0.3386608966648685
1900-01-01 10:20:00,RTOChowk,UP,0.0,0.5214622231423048
1900-01-01 10:25:00,RTOChowk,UP,2.0,0.4375393687042643
1900-01-01 10:30:00,RTOChowk,UP,0.0,1.8824998419892496
1900-01-01 10:35:00,RTOChowk,UP,0.0,1.0309549035201158
1900-01-01 10:40:00,RTOChowk,UP,0.0,0.9031406045047184
1900-01-01 10:45:00,RTOChowk,UP,5.0,0.7997137560822636
1900-01-01 10:50:00,RTOChowk,UP,3.0,0.6596946528329357
1900-01-01 10:55:00,RTOChowk,UP,2.0,2.605861651410572
1900-01-01 11:00:00,RTOChowk,UP,2.0,5.832529630359874
1900-01-01 11:05:00,RTOChowk,UP,0.0,3.0234736542092593
1900-01-01 11:10:00,RTOChowk,UP,0.0,1.7514669661449878
1900-01-01 11:15:00,RTOChowk,UP,0.0,1.6065752234194721
1900-01-01 11:20:00,RTOChowk,UP,1.0,0.8180537450288274
1900-01-01 11:25:00,RTOChowk,UP,1.0,0.5614002665247549
1900-01-01 11:30:00,RTOChowk,UP,1.0,0.7611759499321685
1900-01-01 11:35:00,RTOChowk,UP,0.0,1.1453266895094856
1900-01-01 11:40:00,RTOChowk,UP,0.0,1.6715151797112404
1900-01-01 11:45:00,RTOChowk,UP,0.0,0.685543978615124
1900-01-01 11:50:00,RTOChowk,UP,0.0,0.18784289032296686
1900-01-01 11:55:00,RTOChowk,UP,3.0,0.26545928511111283
1900-01-01 09:10:00,RTOChowk,DOWN,0.0,0.7286243367873607
1900-01-01 09:15:00,RTOChowk,DOWN,0.0,0.6274200043215119
1900-01-01 09:20:00,RTOChowk,DOWN,1.0,0.46701174234266446
1900-01-01 09:25:00,RTOChowk,DOWN,0.0,0.39438268236745055
1900-01-01 09:30:00,RTOChowk,DOWN,0.0,0.7507249961770767
1900-01-01 09:35:00,RTOChowk,DOWN,1.0,0.9047900857842945
1900-01-01 09:40:00,RTOChowk,DOWN,0.0,0.7368999257592876
1900-01-01 09:45:00,RTOChowk,DOWN,0.0,0.5261230657388768
1900-01-01 09:50:00,RTOChowk,DOWN,0.0,0.6396569163002759
1900-01-01 09:55:00,RTOChowk,DOWN,0.0,0.22978572304806077
1900-01-01 10:00:00,RTOChowk,DOWN,0.0,0.4233875939462252
1900-01-01 10:05:00,RTOChowk,DOWN,0.0,0.34694818403520356
1900-01-01 10:10:00,RTOChowk,DOWN,0.0,0.45796724031326796
1900-01-01 10:15:00,RTOChowk,DOWN,0.0,0.4157284544717161
1900-01-01 10:20:00,RTOChowk,DOWN,0.0,0.43142163798219285
1900-01-01 10:25:00,RTOChowk,DOWN,0.0,0.4012940348158942
1900-01-01 10:30:00,RTOChowk,DOWN,0.0,0.8513673371051166
1900-01-01 10:35:00,RTOChowk,DOWN,0.0,0.7465960770162026
1900-01-01 10:40:00,RTOChowk,DOWN,0.0,0.4959669462698185
1900-01-01 10:45:00,RTOChowk,DOWN,0.0,0.4640015963088453
1900-01-01 10:50:00,RTOChowk,DOWN,0.0,0.29054371807270163
1900-01-01 10:55:00,RTOChowk,DOWN,0.0,0.3886106216443788
1900-01-01 11:00:00,RTOChowk,DOWN,1.0,0.5212941174197905
1900-01-01 11:05:00,RTOChowk,DOWN,1.0,0.40336735392512535
1900-01-01 11:10:00,RTOChowk,DOWN,0.0,0.8089073894986608
1900-01-01 11:15:00,RTOChowk,DOWN,0.0,0.6222934486964191
1900-01-01 11:20:00,RTOChowk,DOWN,0.0,0.6642221591629006
1900-01-01 11:25:00,RTOChowk,DOWN,0.0,0.6610998848609679
1900-01-01 11:30:00,RTOChowk,DOWN,0.0,0.8201311965308635
1900-01-01 11:35:00,RTOChowk,DOWN,0.0,0.7006673228085997
1900-01-01 11:40:00,RTOChowk,DOWN,0.0,0.4096985953201156
1900-01-01 11:45:00,RTOChowk,DOWN,0.0,0.350933284994315
1900-01-01 11:50:00,RTOChowk,DOWN,0.0,0.18653207892913315
1900-01-01 09:10:00,RTOChowk,LEFT,137.0,137.15116906094144
1900-01-01 09:15:00,RTOChowk,LEFT,150.0,134.17787395814125
1900-01-01 09:20:00,RTOChowk,LEFT,175.0,142.6690266671356
1900-01-01 09:25:00,RTOChowk,LEFT,125.0,150.0580119570052
1900-01-01 09:30:00,RTOChowk,LEFT,144.0,139.79618216762495
1900-01-01 09:35:00,RTOChowk,LEFT,154.0,143.87853527586668
1900-01-01 09:40:00,RTOChowk,LEFT,121.0,147.9419327928471
1900-01-01 09:45:00,RTOChowk,LEFT,141.0,138.9549917561708
1900-01-01 09:50:00,RTOChowk,LEFT,121.0,131.81396981068184
1900-01-01 09:55:00,RTOChowk,LEFT,133.0,134.66724628293102
1900-01-01 10:00:00,RTOChowk,LEFT,132.0,129.99711818196113
1900-01-01 10:05:00,RTOChowk,LEFT,88.0,134.52645606135255
1900-01-01 10:10:00,RTOChowk,LEFT,141.0,142.6883187560462
1900-01-01 10:15:00,RTOChowk,LEFT,105.0,120.22940234091115
1900-01-01 10:20:00,RTOChowk,LEFT,151.0,115.04452033964449
1900-01-01 10:25:00,RTOChowk,LEFT,104.0,131.83599438451458
1900-01-01 10:30:00,RTOChowk,LEFT,90.0,114.12490459663026
1900-01-01 10:35:00,RTOChowk,LEFT,101.0,109.2448505864983
1900-01-01 10:40:00,RTOChowk,LEFT,94.0,132.29433672849177
1900-01-01 10:45:00,RTOChowk,LEFT,99.0,87.40126255441255
1900-01-01 10:50:00,RTOChowk,LEFT,53.0,93.66342380161377
1900-01-01 10:55:00,RTOChowk,LEFT,92.0,73.54873277305748
1900-01-01 11:00:00,RTOChowk,LEFT,136.0,88.08496974588928
1900-01-01 11:05:00,RTOChowk,LEFT,107.0,154.04696204488758
1900-01-01 11:10:00,RTOChowk,LEFT,96.0,113.28755774231566
1900-01-01 11:15:00,RTOChowk,LEFT,119.0,101.66446607897777
1900-01-01 11:20:00,RTOChowk,LEFT,135.0,105.57795680740165
1900-01-01 11:25:00,RTOChowk,LEFT,125.0,108.24928191445053
1900-01-01 11:30:00,RTOChowk,LEFT,120.0,122.06430330206518
1900-01-01 11:35:00,RTOChowk,LEFT,130.0,118.35899220840297
1900-01-01 11:40:00,RTOChowk,LEFT,140.0,123.14742060888017
1900-01-01 11:45:00,RTOChowk,LEFT,123.0,123.10549172207014
1900-01-01 11:50:00,RTOChowk,LEFT,83.0,125.48333787662648
1900-01-01 09:10:00,RTOChowk,RIGHT,2.0,3.5182948056083485
1900-01-01 09:15:00,RTOChowk,RIGHT,1.0,5.088561779353454
1900-01-01 09:20:00,RTOChowk,RIGHT,3.0,3.75371895052301
1900-01-01 09:25:00,RTOChowk,RIGHT,3.0,3.2441049898629193
1900-01-01 09:30:00,RTOChowk,RIGHT,4.0,2.901851134521717
1900-01-01 09:35:00,RTOChowk,RIGHT,7.0,3.4589402439383985
1900-01-01 09:40:00,RTOChowk,RIGHT,40.0,3.5510767697844914
1900-01-01 09:45:00,RTOChowk,RIGHT,2.0,5.590326348894572
1900-01-01 09:50:00,RTOChowk,RIGHT,2.0,11.654873355949638
1900-01-01 09:55:00,RTOChowk,RIGHT,2.0,9.61129114581761
1900-01-01 10:00:00,RTOChowk,RIGHT,4.0,17.845935213940646
1900-01-01 10:05:00,RTOChowk,RIGHT,2.0,3.7172725262109534
1900-01-01 10:10:00,RTOChowk,RIGHT,2.0,2.49659341105803
1900-01-01 10:15:00,RTOChowk,RIGHT,1.0,1.7920575358879947
1900-01-01 10:20:00,RTOChowk,RIGHT,5.0,2.260562002768124
1900-01-01 10:25:00,RTOChowk,RIGHT,4.0,2.693480400480232
1900-01-01 10:30:00,RTOChowk,RIGHT,7.0,2.9030313965380374
1900-01-01 10:35:00,RTOChowk,RIGHT,7.0,6.751212013208718
1900-01-01 10:40:00,RTOChowk,RIGHT,7.0,4.847669775692938
1900-01-01 10:45:00,RTOChowk,RIGHT,18.0,6.821819571975827
1900-01-01 10:50:00,RTOChowk,RIGHT,4.0,11.543774078382041
1900-01-01 10:55:00,RTOChowk,RIGHT,0.0,13.083804334832926
1900-01-01 11:00:00,RTOChowk,RIGHT,5.0,11.207318826999181
1900-01-01 11:05:00,RTOChowk,RIGHT,5.0,9.396485131470422
1900-01-01 11:10:00,RTOChowk,RIGHT,5.0,3.3109298277880317
1900-01-01 11:15:00,RTOChowk,RIGHT,2.0,5.3947157089800735
1900-01-01 11:20:00,RTOChowk,RIGHT,4.0,2.6862807445459707
1900-01-01 11:25:00,RTOChowk,RIGHT,1.0,4.105755597156874
1900-01-01 11:30:00,RTOChowk,RIGHT,3.0,2.648843801977317
1900-01-01 11:35:00,RTOChowk,RIGHT,1.0,9.204760219548639
1900-01-01 11:40:00,RTOChowk,RIGHT,2.0,2.1021763496642065
1900-01-01 11:45:00,RTOChowk,RIGHT,5.0,1.5515385871748058
1900-01-01 11:50:00,RTOChowk,RIGHT,0.0,3.4543304680898355
1900-01-01 09:10:00,RTOChowk,UP,1.0,0.7286243367873607
1900-01-01 09:15:00,RTOChowk,UP,0.0,1.8900281700815427
1900-01-01 09:20:00,RTOChowk,UP,0.0,0.5347028244430684
1900-01-01 09:25:00,RTOChowk,UP,0.0,0.5448849797315595
1900-01-01 09:30:00,RTOChowk,UP,0.0,0.9243933881894271
1900-01-01 09:35:00,RTOChowk,UP,1.0,1.0317019982252964
1900-01-01 09:40:00,RTOChowk,UP,0.0,0.7078287153504875
1900-01-01 09:45:00,RTOChowk,UP,0.0,0.5261230657388768
1900-01-01 09:50:00,RTOChowk,UP,0.0,0.6396569163002759
1900-01-01 09:55:00,RTOChowk,UP,0.0,0.22978572304806077
1900-01-01 10:00:00,RTOChowk,UP,2.0,0.4233875939462252
1900-01-01 10:05:00,RTOChowk,UP,12.0,0.5710321493002722
1900-01-01 10:10:00,RTOChowk,UP,0.0,1.8218406129209075
1900-01-01 10:15:00,RTOChowk,UP,0.0,2.959515389748844
1900-01-01 10:20:00,RTOChowk,UP,8.0,3.1284179290502157
1900-01-01 10:25:00,RTOChowk,UP,0.0,3.703265544478894
1900-01-01 10:30:00,RTOChowk,UP,0.0,2.107813520734453
1900-01-01 10:35:00,RTOChowk,UP,1.0,3.026179070371121
1900-01-01 10:40:00,RTOChowk,UP,0.0,3.3989595191565343
1900-01-01 10:45:00,RTOChowk,UP,0.0,0.3163203634545689
1900-01-01 10:50:00,RTOChowk,UP,13.0,0.4996302379898044
1900-01-01 10:55:00,RTOChowk,UP,1.0,1.6846428549246992
1900-01-01 11:00:00,RTOChowk,UP,0.0,3.6531499480516754
1900-01-01 11:05:00,RTOChowk,UP,1.0,2.8238642409475885
1900-01-01 11:10:00,RTOChowk,UP,4.0,2.818147678458045
1900-01-01 11:15:00,RTOChowk,UP,2.0,1.547240719922569
1900-01-01 11:20:00,RTOChowk,UP,0.0,1.49679562984578
1900-01-01 11:25:00,RTOChowk,UP,2.0,1.9533278899572992
1900-01-01 11:30:00,RTOChowk,UP,1.0,6.898748745696014
1900-01-01 11:35:00,RTOChowk,UP,0.0,1.6054157953268087
1900-01-01 11:40:00,RTOChowk,UP,10.0,1.4435391710168601
1900-01-01 11:45:00,RTOChowk,UP,4.0,2.9573965665612345
1900-01-01 11:50:00,RTOChowk,UP,0.0,3.0185076058431366
1900-01-01 09:10:00,RTOChowk,DOWN,0.0,0.5207473892293186
1900-01-01 09:15:00,RTOChowk,DOWN,0.0,0.4306701449854979
1900-01-01 09:20:00,RTOChowk,DOWN,1.0,0.46701174234266446
1900-01-01 09:25:00,RTOChowk,DOWN,1.0,0.5761136986940038
1900-01-01 09:30:00,RTOChowk,DOWN,0.0,0.6978776195238227
1900-01-01 09:35:00,RTOChowk,DOWN,0.0,1.091251141362613
1900-01-01 09:40:00,RTOChowk,DOWN,0.0,0.9125131629164801
1900-01-01 09:45:00,RTOChowk,DOWN,1.0,0.5755649621969994
1900-01-01 09:50:00,RTOChowk,DOWN,1.0,0.4378082543809419
1900-01-01 09:55:00,RTOChowk,DOWN,0.0,0.35121796348333845
1900-01-01 10:00:00,RTOChowk,DOWN,0.0,0.44928059001206955
1900-01-01 10:05:00,RTOChowk,DOWN,0.0,0.5430282830542279
1900-01-01 10:10:00,RTOChowk,DOWN,0.0,0.507125849103203
1900-01-01 10:15:00,RTOChowk,DOWN,0.0,0.4157284544717161
1900-01-01 10:20:00,RTOChowk,DOWN,0.0,0.43142163798219285
1900-01-01 10:25:00,RTOChowk,DOWN,0.0,0.4012940348158942
1900-01-01 10:30:00,RTOChowk,DOWN,1.0,0.8513673371051166
1900-01-01 10:35:00,RTOChowk,DOWN,0.0,0.4575293827159672
1900-01-01 10:40:00,RTOChowk,DOWN,0.0,0.719959547120279
1900-01-01 10:45:00,RTOChowk,DOWN,0.0,0.6372666714194386
1900-01-01 10:50:00,RTOChowk,DOWN,0.0,0.16219475892069662
1900-01-01 10:55:00,RTOChowk,DOWN,0.0,0.3886106216443788
1900-01-01 11:00:00,RTOChowk,DOWN,0.0,0.5212941174197905
1900-01-01 11:05:00,RTOChowk,DOWN,1.0,0.4203318137358753
1900-01-01 11:10:00,RTOChowk,DOWN,0.0,0.39048525325489286
1900-01-01 11:15:00,RTOChowk,DOWN,2.0,0.9760477358475513
1900-01-01 11:20:00,RTOChowk,DOWN,0.0,1.2182996303350868
1900-01-01 11:25:00,RTOChowk,DOWN,0.0,1.6173993861772262
1900-01-01 11:30:00,RTOChowk,DOWN,2.0,0.6320773330241752
1900-01-01 11:35:00,RTOChowk,DOWN,1.0,1.4638752386607663
1900-01-01 11:40:00,RTOChowk,DOWN,1.0,0.9730861847519101
1900-01-01 11:45:00,RTOChowk,DOWN,2.0,1.6380095169611613
1900-01-01 11:50:00,RTOChowk,DOWN,1.0,2.0466247512936597
1900-01-01 11:55:00,RTOChowk,DOWN,0.0,2.274349505054551
1900-01-01 09:10:00,RTOChowk,LEFT,131.0,133.08912594413098
1900-01-01 09:15:00,RTOChowk,LEFT,133.0,129.50063174558198
1900-01-01 09:20:00,RTOChowk,LEFT,156.0,133.10567512933548
1900-01-01 09:25:00,RTOChowk,LEFT,132.0,142.25620864329198
1900-01-01 09:30:00,RTOChowk,LEFT,146.0,141.33933358589823
1900-01-01 09:35:00,RTOChowk,LEFT,173.0,140.0201930997794
1900-01-01 09:40:00,RTOChowk,LEFT,159.0,145.9087862057477
1900-01-01 09:45:00,RTOChowk,LEFT,151.0,150.50085818463836
1900-01-01 09:50:00,RTOChowk,LEFT,155.0,152.46175334142004
1900-01-01 09:55:00,RTOChowk,LEFT,152.0,154.4047752798957
1900-01-01 10:00:00,RTOChowk,LEFT,133.0,148.53745725240833
1900-01-01 10:05:00,RTOChowk,LEFT,114.0,142.82777869313554
1900-01-01 10:10:00,RTOChowk,LEFT,154.0,138.25498066177005
1900-01-01 10:15:00,RTOChowk,LEFT,151.0,139.90237861394633
1900-01-01 10:20:00,RTOChowk,LEFT,112.0,142.9370863464565
1900-01-01 10:25:00,RTOChowk,LEFT,156.0,134.12736714379565
1900-01-01 10:30:00,RTOChowk,LEFT,141.0,140.9969087201666
1900-01-01 10:35:00,RTOChowk,LEFT,140.0,140.09955856573507
1900-01-01 10:40:00,RTOChowk,LEFT,148.0,134.40233714724255
1900-01-01 10:45:00,RTOChowk,LEFT,160.0,142.63452075239405
1900-01-01 10:50:00,RTOChowk,LEFT,147.0,146.22881402972197
1900-01-01 10:55:00,RTOChowk,LEFT,120.0,145.98440952987474
1900-01-01 11:00:00,RTOChowk,LEFT,179.0,133.65309036444367
1900-01-01 11:05:00,RTOChowk,LEFT,131.0,138.0811948671711
1900-01-01 11:10:00,RTOChowk,LEFT,157.0,139.35916743105028
1900-01-01 11:15:00,RTOChowk,LEFT,153.0,144.53819258221708
1900-01-01 11:20:00,RTOChowk,LEFT,118.0,130.505229451801
1900-01-01 11:25:00,RTOChowk,LEFT,165.0,126.71024371943031
1900-01-01 11:30:00,RTOChowk,LEFT,151.0,135.90650313730504
1900-01-01 11:35:00,RTOChowk,LEFT,152.0,140.48385297284457
1900-01-01 11:40:00,RTOChowk,LEFT,165.0,142.06425370740683
1900-01-01 11:45:00,RTOChowk,LEFT,135.0,144.23581436523264
1900-01-01 11:50:00,RTOChowk,LEFT,156.0,134.43936451274448
1900-01-01 11:55:00,RTOChowk,LEFT,23.0,132.31965924355285
1900-01-01 09:10:00,RTOChowk,RIGHT,0.0,0.7929678161023783
1900-01-01 09:15:00,RTOChowk,RIGHT,2.0,0.5820365091016504
1900-01-01 09:20:00,RTOChowk,RIGHT,3.0,0.9668781533655642
1900-01-01 09:25:00,RTOChowk,RIGHT,1.0,1.9758501861843851
1900-01-01 09:30:00,RTOChowk,RIGHT,1.0,1.7478898324996095
1900-01-01 09:35:00,RTOChowk,RIGHT,2.0,7.250208588839907
1900-01-01 09:40:00,RTOChowk,RIGHT,1.0,1.9639158429437231
1900-01-01 09:45:00,RTOChowk,RIGHT,0.0,1.5032887411563618
1900-01-01 09:50:00,RTOChowk,RIGHT,2.0,1.569964015736629
1900-01-01 09:55:00,RTOChowk,RIGHT,3.0,1.4715323511892386
1900-01-01 10:00:00,RTOChowk,RIGHT,2.0,1.5961632775894001
1900-01-01 10:05:00,RTOChowk,RIGHT,2.0,1.8960078276666883
1900-01-01 10:10:00,RTOChowk,RIGHT,2.0,2.0387018750262422
1900-01-01 10:15:00,RTOChowk,RIGHT,0.0,2.0597167947485007
1900-01-01 10:20:00,RTOChowk,RIGHT,0.0,2.175663639204467
1900-01-01 10:25:00,RTOChowk,RIGHT,2.0,1.6259337020920486
1900-01-01 10:30:00,RTOChowk,RIGHT,1.0,1.9292207666858052
1900-01-01 10:35:00,RTOChowk,RIGHT,1.0,1.3254164745024333
1900-01-01 10:40:00,RTOChowk,RIGHT,3.0,1.4765760925639373
1900-01-01 10:45:00,RTOChowk,RIGHT,1.0,1.802401690929961
1900-01-01 10:50:00,RTOChowk,RIGHT,4.0,2.097371960270857
1900-01-01 10:55:00,RTOChowk,RIGHT,1.0,3.1533030747786386
1900-01-01 11:00:00,RTOChowk,RIGHT,0.0,2.2480467922209457
1900-01-01 11:05:00,RTOChowk,RIGHT,0.0,1.61968265793932
1900-01-01 11:10:00,RTOChowk,RIGHT,3.0,1.0407440292111187
1900-01-01 11:15:00,RTOChowk,RIGHT,3.0,1.3608763724816262
1900-01-01 11:20:00,RTOChowk,RIGHT,1.0,1.6518806785827653
1900-01-01 11:25:00,RTOChowk,RIGHT,0.0,2.578393006783043
1900-01-01 11:30:00,RTOChowk,RIGHT,0.0,1.984984749938239
1900-01-01 11:35:00,RTOChowk,RIGHT,19.0,1.3712242789092608
1900-01-01 11:40:00,RTOChowk,RIGHT,4.0,1.4854068801560028
1900-01-01 11:45:00,RTOChowk,RIGHT,1.0,14.151695887445888
1900-01-01 11:50:00,RTOChowk,RIGHT,2.0,7.352438633503138
1900-01-01 11:55:00,RTOChowk,RIGHT,0.0,5.8740294944385925
1900-01-01 09:10:00,RTOChowk,UP,2.0,0.7286243367873607
1900-01-01 09:15:00,RTOChowk,UP,0.0,1.6920563249252334
1900-01-01 09:20:00,RTOChowk,UP,0.0,0.5008957761698274
1900-01-01 09:25:00,RTOChowk,UP,0.0,0.7681266294675673
1900-01-01 09:30:00,RTOChowk,UP,0.0,0.8825896504270909
1900-01-01 09:35:00,RTOChowk,UP,0.0,1.0317019982252964
1900-01-01 09:40:00,RTOChowk,UP,0.0,0.8694219693330174
1900-01-01 09:45:00,RTOChowk,UP,4.0,0.8219445964025038
1900-01-01 09:50:00,RTOChowk,UP,2.0,0.49094116530738907
1900-01-01 09:55:00,RTOChowk,UP,1.0,1.7841884231222473
1900-01-01 10:00:00,RTOChowk,UP,0.0,2.0600114944627634
1900-01-01 10:05:00,RTOChowk,UP,0.0,1.9772682688238266
1900-01-01 10:10:00,RTOChowk,UP,1.0,1.4769088315425243
1900-01-01 10:15:00,RTOChowk,UP,1.0,1.8226818037955521
1900-01-01 10:20:00,RTOChowk,UP,0.0,0.7622980968408676
1900-01-01 10:25:00,RTOChowk,UP,1.0,0.6112979165797331
1900-01-01 10:30:00,RTOChowk,UP,1.0,1.6584222010073946
1900-01-01 10:35:00,RTOChowk,UP,0.0,1.2174635083589118
1900-01-01 10:40:00,RTOChowk,UP,3.0,0.9490191571382454
1900-01-01 10:45:00,RTOChowk,UP,2.0,1.612353491424107
1900-01-01 10:50:00,RTOChowk,UP,1.0,1.5866983438234028
1900-01-01 10:55:00,RTOChowk,UP,0.0,1.2094141241388465
1900-01-01 11:00:00,RTOChowk,UP,0.0,3.481138510457855
1900-01-01 11:05:00,RTOChowk,UP,3.0,1.1964108321949174
1900-01-01 11:10:00,RTOChowk,UP,0.0,1.5487173498050684
1900-01-01 11:15:00,RTOChowk,UP,12.0,0.9637106158796417
1900-01-01 11:20:00,RTOChowk,UP,17.0,3.627463106542485
1900-01-01 11:25:00,RTOChowk,UP,9.0,5.329743784330476
1900-01-01 11:30:00,RTOChowk,UP,7.0,13.599108102989538
1900-01-01 11:35:00,RTOChowk,UP,3.0,11.282940341394836
1900-01-01 11:40:00,RTOChowk,UP,5.0,9.098503373326325
1900-01-01 11:45:00,RTOChowk,UP,3.0,7.240684053869764
1900-01-01 11:50:00,RTOChowk,UP,7.0,3.5435224329726807
1900-01-01 11:55:00,RTOChowk,UP,0.0,4.016634438106054
1900-01-01 09:10:00,RTOChowk,DOWN,1.0,0.5207473892293186
1900-01-01 09:15:00,RTOChowk,DOWN,1.0,0.3906314834665484
1900-01-01 09:20:00,RTOChowk,DOWN,0.0,0.5107769849082601
1900-01-01 09:25:00,RTOChowk,DOWN,0.0,0.6727463255592808
1900-01-01 09:30:00,RTOChowk,DOWN,0.0,0.8348636513172825
1900-01-01 09:35:00,RTOChowk,DOWN,0.0,1.5620458544789033
1900-01-01 09:40:00,RTOChowk,DOWN,0.0,0.8694219693330174
1900-01-01 09:45:00,RTOChowk,DOWN,0.0,0.8219445964025038
1900-01-01 09:50:00,RTOChowk,DOWN,0.0,0.5690051714768058
1900-01-01 09:55:00,RTOChowk,DOWN,0.0,0.6228651718850171
1900-01-01 10:00:00,RTOChowk,DOWN,0.0,0.4233875939462252
1900-01-01 10:05:00,RTOChowk,DOWN,0.0,0.34694818403520356
1900-01-01 10:10:00,RTOChowk,DOWN,0.0,0.45796724031326796
1900-01-01 10:15:00,RTOChowk,DOWN,0.0,0.4157284544717161
1900-01-01 10:20:00,RTOChowk,DOWN,0.0,0.43142163798219285
1900-01-01 10:25:00,RTOChowk,DOWN,0.0,0.4012940348158942
1900-01-01 10:30:00,RTOChowk,DOWN,0.0,0.8513673371051166
1900-01-01 10:35:00,RTOChowk,DOWN,0.0,0.7465960770162026
1900-01-01 10:40:00,RTOChowk,DOWN,0.0,0.4959669462698185
1900-01-01 10:45:00,RTOChowk,DOWN,0.0,0.4640015963088453
1900-01-01 10:50:00,RTOChowk,DOWN,0.0,0.29054371807270163
1900-01-01 10:55:00,RTOChowk,DOWN,0.0,0.3886106216443788
1900-01-01 11:00:00,RTOChowk,DOWN,0.0,0.5212941174197905
1900-01-01 11:05:00,RTOChowk,DOWN,0.0,0.4203318137358753
1900-01-01 11:10:00,RTOChowk,DOWN,0.0,0.4736196799674268
1900-01-01 11:15:00,RTOChowk,DOWN,0.0,0.47066120581911247
1900-01-01 11:20:00,RTOChowk,DOWN,0.0,0.5177911702529585
1900-01-01 11:25:00,RTOChowk,DOWN,0.0,0.48876250394127935
1900-01-01 11:30:00,RTOChowk,DOWN,0.0,0.8201311965308635
1900-01-01 11:35:00,RTOChowk,DOWN,0.0,0.7006673228085997
1900-01-01 11:40:00,RTOChowk,DOWN,0.0,0.4096985953201156
1900-01-01 11:45:00,RTOChowk,DOWN,0.0,0.350933284994315
1900-01-01 11:50:00,RTOChowk,DOWN,1.0,0.18653207892913315
1900-01-01 11:55:00,RTOChowk,DOWN,0.0,0.2790531475352648
1900-01-01 09:10:00,RTOChowk,LEFT,91.0,91.02513063461976
1900-01-01 09:15:00,RTOChowk,LEFT,90.0,82.49485958283381
1900-01-01 09:20:00,RTOChowk,LEFT,90.0,88.86252943257952
1900-01-01 09:25:00,RTOChowk,LEFT,84.0,89.48680180922008
1900-01-01 09:30:00,RTOChowk,LEFT,110.0,86.89233624895476
1900-01-01 09:35:00,RTOChowk,LEFT,95.0,102.00902657187085
1900-01-01 09:40:00,RTOChowk,LEFT,104.0,89.55866016323472
1900-01-01 09:45:00,RTOChowk,LEFT,88.0,99.18882207396804
1900-01-01 09:50:00,RTOChowk,LEFT,82.0,95.47644413515148
1900-01-01 09:55:00,RTOChowk,LEFT,93.0,91.58486068169445
1900-01-01 10:00:00,RTOChowk,LEFT,94.0,83.52701415681823
1900-01-01 10:05:00,RTOChowk,LEFT,68.0,82.5453896961874
1900-01-01 10:10:00,RTOChowk,LEFT,119.0,76.45654393909149
1900-01-01 10:15:00,RTOChowk,LEFT,121.0,134.4293934066175
1900-01-01 10:20:00,RTOChowk,LEFT,91.0,128.87543084721372
1900-01-01 10:25:00,RTOChowk,LEFT,99.0,102.4984572324669
1900-01-01 10:30:00,RTOChowk,LEFT,118.0,113.64141639258922
1900-01-01 10:35:00,RTOChowk,LEFT,108.0,113.51022257940629
1900-01-01 10:40:00,RTOChowk,LEFT,95.0,103.37723889525525
1900-01-01 10:45:00,RTOChowk,LEFT,109.0,97.96136780274252
1900-01-01 10:50:00,RTOChowk,LEFT,128.0,112.56037828644193
1900-01-01 10:55:00,RTOChowk,LEFT,94.0,120.00799740632873
1900-01-01 11:00:00,RTOChowk,LEFT,123.0,104.93601061487482
1900-01-01 11:05:00,RTOChowk,LEFT,113.0,108.1544335497678
1900-01-01 11:10:00,RTOChowk,LEFT,90.0,115.42630055833499
1900-01-01 11:15:00,RTOChowk,LEFT,88.0,109.53119283973813
1900-01-01 11:20:00,RTOChowk,LEFT,130.0,99.3136009090959
1900-01-01 11:25:00,RTOChowk,LEFT,96.0,111.45536839230361
1900-01-01 11:30:00,RTOChowk,LEFT,118.0,80.22957228096757
1900-01-01 11:35:00,RTOChowk,LEFT,118.0,115.01574803869504
1900-01-01 11:40:00,RTOChowk,LEFT,86.0,114.26571608493305
1900-01-01 11:45:00,RTOChowk,LEFT,89.0,106.13427396286053
1900-01-01 11:50:00,RTOChowk,LEFT,95.0,96.8767969906236
1900-01-01 11:55:00,RTOChowk,LEFT,41.0,87.60541907954321
1900-01-01 09:10:00,RTOChowk,RIGHT,0.0,0.5207473892293186
1900-01-01 09:15:00,RTOChowk,RIGHT,0.0,0.4306701449854979
1900-01-01 09:20:00,RTOChowk,RIGHT,8.0,0.46701174234266446
1900-01-01 09:25:00,RTOChowk,RIGHT,0.0,0.7700748467219058
1900-01-01 09:30:00,RTOChowk,RIGHT,1.0,2.3032555500434806
1900-01-01 09:35:00,RTOChowk,RIGHT,0.0,20.58852063188994
1900-01-01 09:40:00,RTOChowk,RIGHT,1.0,4.506225729145806
1900-01-01 09:45:00,RTOChowk,RIGHT,0.0,0.7006392129687586
1900-01-01 09:50:00,RTOChowk,RIGHT,0.0,0.7008727969147495
1900-01-01 09:55:00,RTOChowk,RIGHT,1.0,0.6469475156926003
1900-01-01 10:00:00,RTOChowk,RIGHT,1.0,0.6304520608202381
1900-01-01 10:05:00,RTOChowk,RIGHT,0.0,0.48074356788813083
1900-01-01 10:10:00,RTOChowk,RIGHT,1.0,0.6433888295541134
1900-01-01 10:15:00,RTOChowk,RIGHT,1.0,1.0238713411102487
1900-01-01 10:20:00,RTOChowk,RIGHT,1.0,1.1191093820395812
1900-01-01 10:25:00,RTOChowk,RIGHT,1.0,0.9971283474026484
1900-01-01 10:30:00,RTOChowk,RIGHT,0.0,1.6692109810627977
1900-01-01 10:35:00,RTOChowk,RIGHT,0.0,1.4145230926701555
1900-01-01 10:40:00,RTOChowk,RIGHT,0.0,0.9526587304066251
1900-01-01 10:45:00,RTOChowk,RIGHT,0.0,0.35739887879627874
1900-01-01 10:50:00,RTOChowk,RIGHT,1.0,0.29054371807270163
1900-01-01 10:55:00,RTOChowk,RIGHT,1.0,0.4358502474400193
1900-01-01 11:00:00,RTOChowk,RIGHT,0.0,0.8724391613220517
1900-01-01 11:05:00,RTOChowk,RIGHT,1.0,0.47897380224527597
1900-01-01 11:10:00,RTOChowk,RIGHT,0.0,0.966860640271732
1900-01-01 11:15:00,RTOChowk,RIGHT,1.0,0.7480412201156393
1900-01-01 11:20:00,RTOChowk,RIGHT,0.0,0.5331512712375531
1900-01-01 11:25:00,RTOChowk,RIGHT,1.0,0.7955483787166473
1900-01-01 11:30:00,RTOChowk,RIGHT,1.0,0.7590958146351668
1900-01-01 11:35:00,RTOChowk,RIGHT,1.0,1.3683058419031287
1900-01-01 11:40:00,RTOChowk,RIGHT,0.0,1.0809033233621224
1900-01-01 11:45:00,RTOChowk,RIGHT,1.0,1.6749285913297738
1900-01-01 11:50:00,RTOChowk,RIGHT,3.0,1.168092230340262
1900-01-01 11:55:00,RTOChowk,RIGHT,0.0,1.7540186653024838
1900-01-01 09:10:00,RTOChowk,UP,1.0,0.6191482452536257
1900-01-01 09:15:00,RTOChowk,UP,0.0,0.8193917124852784
1900-01-01 09:20:00,RTOChowk,UP,0.0,0.6211341121341786
1900-01-01 09:25:00,RTOChowk,UP,0.0,0.867719131751019
1900-01-01 09:30:00,RTOChowk,UP,1.0,0.9243933881894271
1900-01-01 09:35:00,RTOChowk,UP,0.0,0.7042766830689254
1900-01-01 09:40:00,RTOChowk,UP,0.0,0.9015796498289836
1900-01-01 09:45:00,RTOChowk,UP,0.0,0.8052686184696884
1900-01-01 09:50:00,RTOChowk,UP,0.0,0.2655728279706632
1900-01-01 09:55:00,RTOChowk,UP,0.0,0.6228651718850171
1900-01-01 10:00:00,RTOChowk,UP,0.0,0.4233875939462252
1900-01-01 10:05:00,RTOChowk,UP,0.0,0.34694818403520356
1900-01-01 10:10:00,RTOChowk,UP,1.0,0.45796724031326796
1900-01-01 10:15:00,RTOChowk,UP,0.0,0.3386608966648685
1900-01-01 10:20:00,RTOChowk,UP,2.0,0.5214622231423048
1900-01-01 10:25:00,RTOChowk,UP,0.0,1.2401308228053363
1900-01-01 10:30:00,RTOChowk,UP,0.0,1.430478969663211
1900-01-01 10:35:00,RTOChowk,UP,1.0,0.9172965014988392
1900-01-01 10:40:00,RTOChowk,UP,0.0,1.251419174787509
1900-01-01 10:45:00,RTOChowk,UP,0.0,0.3163203634545689
1900-01-01 10:50:00,RTOChowk,UP,0.0,0.4996302379898044
1900-01-01 10:55:00,RTOChowk,UP,0.0,0.15006271728923345
1900-01-01 11:00:00,RTOChowk,UP,0.0,0.5212941174197905
1900-01-01 11:05:00,RTOChowk,UP,1.0,0.4203318137358753
1900-01-01 11:10:00,RTOChowk,UP,2.0,0.4080775151400542
1900-01-01 11:15:00,RTOChowk,UP,7.0,1.1812582463670676
1900-01-01 11:20:00,RTOChowk,UP,1.0,3.8164700953122828
1900-01-01 11:25:00,RTOChowk,UP,2.0,2.6726912225554775
1900-01-01 11:30:00,RTOChowk,UP,0.0,5.0142395702101625
1900-01-01 11:35:00,RTOChowk,UP,3.0,2.581771087917515
1900-01-01 11:40:00,RTOChowk,UP,1.0,1.491886446183688
1900-01-01 11:45:00,RTOChowk,UP,0.0,1.8134827761048329
1900-01-01 11:50:00,RTOChowk,UP,4.0,1.2310511694281112
1900-01-01 11:55:00,RTOChowk,UP,0.0,3.8712021865007347
