controller,vehicle_id,duration,waiting_time,time_loss,route_length,arrival
Fixed,flow_ns.0,15.0,0.0,0.67,194.9,15.0
Fixed,flow_sn.0,16.0,0.0,0.96,194.9,16.0
Fixed,flow_ns.1,15.0,0.0,0.82,194.9,21.0
Fixed,flow_sn.1,18.0,0.0,0.96,194.9,26.0
Fixed,flow_ns.2,15.0,0.0,0.68,194.9,27.0
Fixed,flow_ns.3,15.0,0.0,0.78,194.9,33.0
Fixed,flow_sn.2,18.0,0.0,1.12,194.9,34.0
Fixed,flow_ns.4,15.0,0.0,0.7,194.9,39.0
Fixed,flow_sn.3,15.0,0.0,0.9,194.9,39.0
Fixed,flow_ns.5,16.0,0.0,0.79,194.9,46.0
Fixed,flow_sn.4,18.0,0.0,1.08,194.9,50.0
Fixed,flow_ew.0,55.0,34.0,40.61,194.9,55.0
Fixed,flow_we.0,56.0,35.0,41.23,194.9,56.0
Fixed,flow_ew.1,42.0,19.0,26.75,194.9,57.0
Fixed,flow_we.1,46.0,22.0,30.02,194.9,58.0
Fixed,flow_ew.2,30.0,6.0,15.4,194.9,59.0
Fixed,flow_we.2,36.0,11.0,21.48,194.9,60.0
Fixed,flow_we.3,26.0,1.0,10.71,194.9,62.0
Fixed,flow_ew.3,18.0,0.0,3.91,194.9,62.0
Fixed,flow_we.4,20.0,0.0,2.66,194.9,68.0
Fixed,flow_ew.4,16.0,0.0,0.86,194.9,74.0
Fixed,flow_we.5,16.0,0.0,0.51,194.9,76.0
Fixed,flow_ew.5,15.0,0.0,0.52,194.9,87.0
Fixed,flow_we.6,15.0,0.0,0.72,194.9,87.0
Fixed,flow_ns.6,65.0,42.0,49.78,194.9,101.0
Fixed,flow_sn.5,61.0,39.0,46.23,194.9,101.0
Fixed,flow_ns.7,61.0,39.0,46.41,194.9,103.0
Fixed,flow_sn.6,55.0,30.0,38.99,194.9,103.0
Fixed,flow_ns.8,57.0,35.0,42.25,194.9,105.0
Fixed,flow_sn.7,49.0,26.0,33.31,194.9,105.0
Fixed,flow_sn.8,43.0,17.0,28.23,194.9,107.0
Fixed,flow_ns.9,54.0,28.0,37.19,194.9,108.0
Fixed,flow_sn.9,36.0,11.0,21.95,194.9,108.0
Fixed,flow_ns.10,49.0,25.0,34.93,194.9,109.0
Fixed,flow_sn.10,30.0,5.0,15.7,194.9,110.0
Fixed,flow_ns.11,45.0,20.0,30.72,194.9,111.0
Fixed,flow_sn.11,24.0,0.0,8.93,194.9,112.0
Fixed,flow_ns.12,41.0,14.0,26.46,194.9,113.0
Fixed,flow_sn.12,18.0,0.0,3.32,194.9,114.0
Fixed,flow_ns.13,37.0,11.0,21.85,194.9,115.0
Fixed,flow_ns.14,33.0,5.0,18.06,194.9,117.0
Fixed,flow_ns.15,28.0,2.0,13.79,194.9,118.0
Fixed,flow_ns.16,24.0,0.0,9.58,194.9,120.0
Fixed,flow_sn.13,17.0,0.0,0.99,194.9,121.0
Fixed,flow_ns.17,21.0,0.0,4.59,194.9,123.0
Fixed,flow_ns.18,18.0,0.0,0.99,194.9,126.0
Fixed,flow_sn.14,15.0,0.0,0.58,194.9,127.0
Fixed,flow_ns.19,15.0,0.0,0.6,194.9,129.0
Fixed,flow_ns.20,15.0,0.0,0.73,194.9,135.0
Fixed,flow_sn.15,15.0,0.0,0.7,194.9,135.0
Fixed,flow_ew.6,58.0,38.0,43.79,194.9,145.0
Fixed,flow_we.7,62.0,41.0,45.84,194.9,146.0
Fixed,flow_ew.7,46.0,22.0,31.81,194.9,147.0
Fixed,flow_we.8,52.0,29.0,37.16,194.9,148.0
Fixed,flow_ew.8,33.0,8.0,18.71,194.9,149.0
Fixed,flow_we.9,42.0,18.0,25.44,194.9,150.0
Fixed,flow_ew.9,21.0,0.0,6.45,194.9,151.0
Fixed,flow_we.10,32.0,6.0,15.95,194.9,152.0
Fixed,flow_we.11,22.0,0.0,7.2,194.9,154.0
Fixed,flow_ew.10,17.0,0.0,0.85,194.9,161.0
Fixed,flow_we.12,17.0,0.0,0.94,194.9,161.0
Fixed,flow_we.13,16.0,0.0,0.79,194.9,172.0
Fixed,flow_ew.11,16.0,0.0,0.88,194.9,175.0
Fixed,flow_we.14,16.0,0.0,0.91,194.9,184.0
Fixed,flow_sn.16,62.0,42.0,47.96,194.9,190.0
Fixed,flow_ns.21,65.0,44.0,50.29,194.9,191.0
Fixed,flow_ns.22,60.0,39.0,45.92,194.9,192.0
Fixed,flow_sn.17,57.0,34.0,42.05,194.9,193.0
Fixed,flow_ns.23,56.0,34.0,41.76,194.9,194.0
Fixed,flow_sn.18,51.0,28.0,34.71,194.9,195.0
Fixed,flow_ns.24,53.0,28.0,37.27,194.9,197.0
Fixed,flow_sn.19,45.0,20.0,30.18,194.9,197.0
Fixed,flow_ns.25,48.0,23.0,33.87,194.9,198.0
Fixed,flow_sn.20,38.0,15.0,23.9,194.9,198.0
Fixed,flow_ns.26,44.0,19.0,29.59,194.9,200.0
Fixed,flow_sn.21,32.0,7.0,17.74,194.9,200.0
Fixed,flow_ns.27,40.0,13.0,25.17,194.9,202.0
Fixed,flow_sn.22,26.0,1.0,11.47,194.9,202.0
Fixed,flow_ns.28,36.0,10.0,21.67,194.9,204.0
Fixed,flow_sn.23,20.0,0.0,4.81,194.9,204.0
Fixed,flow_ns.29,32.0,6.0,17.74,194.9,206.0
Fixed,flow_sn.24,15.0,0.0,0.76,194.9,207.0
Fixed,flow_ns.30,28.0,4.0,13.55,194.9,208.0
Fixed,flow_ns.31,24.0,0.0,9.49,194.9,210.0
Fixed,flow_ns.32,20.0,0.0,5.36,194.9,212.0
Fixed,flow_ns.33,16.0,0.0,1.29,194.9,214.0
Fixed,flow_sn.25,15.0,0.0,0.68,194.9,215.0
Fixed,flow_ns.34,18.0,0.0,0.97,194.9,222.0
Fixed,flow_sn.26,15.0,0.0,0.8,194.9,223.0
Fixed,flow_ns.35,15.0,0.0,0.73,194.9,225.0
Fixed,flow_we.15,55.0,34.0,40.92,194.9,235.0
Fixed,flow_ew.12,63.0,41.0,48.24,194.9,236.0
Fixed,flow_ew.13,50.0,24.0,35.14,194.9,238.0
Fixed,flow_we.16,46.0,21.0,31.18,194.9,238.0
Fixed,flow_we.17,36.0,11.0,20.5,194.9,240.0
Fixed,flow_ew.14,39.0,12.0,22.5,194.9,241.0
Fixed,flow_ew.15,26.0,1.0,11.86,194.9,242.0
Fixed,flow_we.18,26.0,0.0,11.4,194.9,242.0
Fixed,flow_we.19,18.0,0.0,2.7,194.9,246.0
Fixed,flow_ew.16,18.0,0.0,1.52,194.9,249.0
Fixed,flow_we.20,16.0,0.0,0.87,194.9,256.0
Fixed,flow_ew.17,16.0,0.0,0.65,194.9,261.0
Fixed,flow_we.21,15.0,0.0,0.51,194.9,267.0
Fixed,flow_ew.18,15.0,0.0,0.8,194.9,275.0
Fixed,flow_ns.36,65.0,44.0,50.31,194.9,281.0
Fixed,flow_sn.27,65.0,44.0,49.36,194.9,281.0
Fixed,flow_ns.37,61.0,40.0,46.16,194.9,283.0
Fixed,flow_sn.28,59.0,36.0,43.98,194.9,283.0
Fixed,flow_ns.38,57.0,33.0,42.09,194.9,285.0
Fixed,flow_sn.29,53.0,30.0,38.47,194.9,285.0
Fixed,flow_ns.39,53.0,28.0,38.45,194.9,287.0
Fixed,flow_sn.30,47.0,22.0,32.54,194.9,287.0
Fixed,flow_ns.40,49.0,24.0,34.15,194.9,289.0
Fixed,flow_sn.31,41.0,16.0,26.32,194.9,289.0
Fixed,flow_sn.32,35.0,10.0,19.51,194.9,291.0
Fixed,flow_ns.41,46.0,19.0,29.0,194.9,292.0
Fixed,flow_ns.42,41.0,14.0,26.89,194.9,293.0
Fixed,flow_sn.33,29.0,2.0,14.4,194.9,293.0
Fixed,flow_ns.43,37.0,10.0,22.69,194.9,295.0
Fixed,flow_sn.34,23.0,0.0,8.18,194.9,295.0
Fixed,flow_sn.35,16.0,0.0,1.95,194.9,296.0
Fixed,flow_ns.44,33.0,7.0,18.39,194.9,297.0
Fixed,flow_ns.45,29.0,2.0,14.21,194.9,299.0
Fixed,flow_ns.46,24.0,0.0,9.9,194.9,300.0
Fixed,flow_sn.36,15.0,0.0,0.64,194.9,303.0
Fixed,flow_ns.47,22.0,0.0,4.67,194.9,304.0
Fixed,flow_ns.48,18.0,0.0,3.29,194.9,306.0
Fixed,flow_ns.49,16.0,0.0,0.83,194.9,310.0
Fixed,flow_sn.37,15.0,0.0,0.86,194.9,311.0
Fixed,flow_ns.50,15.0,0.0,0.7,194.9,315.0
Fixed,flow_sn.38,15.0,0.0,0.6,194.9,319.0
Fixed,flow_ew.19,51.0,30.0,36.76,194.9,325.0
Fixed,flow_we.22,62.0,40.0,46.94,194.9,326.0
Fixed,flow_ew.20,39.0,17.0,24.65,194.9,327.0
Fixed,flow_we.23,52.0,28.0,37.42,194.9,328.0
Fixed,flow_ew.21,26.0,1.0,11.65,194.9,329.0
Fixed,flow_we.24,42.0,18.0,27.27,194.9,330.0
Fixed,flow_we.25,32.0,5.0,17.38,194.9,332.0
Fixed,flow_we.26,22.0,0.0,7.11,194.9,334.0
Fixed,flow_ew.22,18.0,0.0,2.51,194.9,335.0
Fixed,flow_we.27,18.0,0.0,1.36,194.9,342.0
Fixed,flow_ew.23,15.0,0.0,0.76,194.9,347.0
Fixed,flow_we.28,15.0,0.0,0.51,194.9,351.0
Fixed,flow_ew.24,15.0,0.0,0.78,194.9,361.0
Fixed,flow_we.29,15.0,0.0,0.75,194.9,363.0
Fixed,flow_ns.51,65.0,43.0,50.04,194.9,371.0
Fixed,flow_sn.39,59.0,38.0,44.26,194.9,371.0
Fixed,flow_ns.52,61.0,39.0,45.61,194.9,373.0
Fixed,flow_ns.53,57.0,33.0,42.08,194.9,375.0
Fixed,flow_sn.40,55.0,28.0,35.41,194.9,375.0
Fixed,flow_ns.54,52.0,29.0,37.75,194.9,376.0
Fixed,flow_sn.41,49.0,23.0,34.49,194.9,377.0
Fixed,flow_ns.55,48.0,25.0,33.19,194.9,378.0
Fixed,flow_sn.42,43.0,15.0,28.15,194.9,379.0
Fixed,flow_ns.56,44.0,21.0,28.94,194.9,380.0
Fixed,flow_sn.43,36.0,10.0,21.78,194.9,380.0
Fixed,flow_ns.57,40.0,15.0,24.86,194.9,382.0
Fixed,flow_sn.44,30.0,2.0,14.41,194.9,382.0
Fixed,flow_ns.58,36.0,11.0,21.76,194.9,384.0
Fixed,flow_sn.45,24.0,0.0,9.48,194.9,384.0
Fixed,flow_ns.59,32.0,7.0,17.45,194.9,386.0
Fixed,flow_sn.46,18.0,0.0,2.01,194.9,386.0
Fixed,flow_ns.60,28.0,2.0,12.04,194.9,388.0
Fixed,flow_ns.61,24.0,0.0,9.56,194.9,390.0
Fixed,flow_ns.62,20.0,0.0,5.3,194.9,392.0
Fixed,flow_sn.47,16.0,0.0,0.93,194.9,392.0
Fixed,flow_ns.63,16.0,0.0,1.07,194.9,394.0
Fixed,flow_ns.64,17.0,0.0,0.81,194.9,401.0
Fixed,flow_sn.48,17.0,0.0,0.9,194.9,401.0
Fixed,flow_ns.65,17.0,0.0,0.82,194.9,407.0
Fixed,flow_sn.49,15.0,0.0,0.66,194.9,407.0
Fixed,flow_ew.25,56.0,36.0,41.22,194.9,416.0
Fixed,flow_we.30,56.0,34.0,41.22,194.9,416.0
Fixed,flow_we.31,46.0,22.0,31.11,194.9,418.0
Fixed,flow_ew.26,43.0,19.0,28.05,194.9,418.0
Fixed,flow_we.32,35.0,11.0,20.84,194.9,419.0
Fixed,flow_ew.27,31.0,7.0,15.84,194.9,420.0
Fixed,flow_we.33,25.0,0.0,10.76,194.9,421.0
Fixed,flow_ew.28,19.0,0.0,4.25,194.9,423.0
Fixed,flow_we.34,18.0,0.0,2.66,194.9,426.0
Fixed,flow_ew.29,17.0,0.0,0.85,194.9,435.0
Fixed,flow_we.35,16.0,0.0,0.71,194.9,436.0
Fixed,flow_ew.30,15.0,0.0,0.61,194.9,447.0
Fixed,flow_we.36,18.0,0.0,0.8,194.9,450.0
Fixed,flow_ns.66,65.0,42.0,50.09,194.9,461.0
Fixed,flow_sn.50,61.0,39.0,46.01,194.9,461.0
Fixed,flow_ns.67,60.0,39.0,45.71,194.9,462.0
Fixed,flow_sn.51,55.0,32.0,40.35,194.9,463.0
Fixed,flow_ns.68,56.0,34.0,41.79,194.9,464.0
Fixed,flow_sn.52,49.0,25.0,34.34,194.9,465.0
Fixed,flow_ns.69,53.0,29.0,37.18,194.9,467.0
Fixed,flow_sn.53,43.0,17.0,27.08,194.9,467.0
Fixed,flow_ns.70,49.0,24.0,33.84,194.9,469.0
Fixed,flow_sn.54,37.0,11.0,22.31,194.9,469.0
Fixed,flow_ns.71,45.0,20.0,29.07,194.9,471.0
Fixed,flow_ns.72,40.0,14.0,25.91,194.9,472.0
Fixed,flow_sn.55,32.0,5.0,15.23,194.9,472.0
Fixed,flow_ns.73,36.0,11.0,21.71,194.9,474.0
Fixed,flow_sn.56,26.0,0.0,9.12,194.9,474.0
Fixed,flow_sn.57,19.0,0.0,4.77,194.9,475.0
Fixed,flow_ns.74,32.0,6.0,17.43,194.9,476.0
Fixed,flow_ns.75,28.0,4.0,13.14,194.9,478.0
Fixed,flow_ns.76,23.0,0.0,8.94,194.9,479.0
Fixed,flow_sn.58,16.0,0.0,0.67,194.9,480.0
Fixed,flow_ns.77,17.0,0.0,2.51,194.9,481.0
Fixed,flow_ns.78,15.0,0.0,0.7,194.9,483.0
Fixed,flow_sn.59,15.0,0.0,0.76,194.9,487.0
Fixed,flow_ns.79,15.0,0.0,0.48,194.9,489.0
Fixed,flow_sn.60,15.0,0.0,0.8,194.9,495.0
Fixed,flow_ns.80,18.0,0.0,0.93,194.9,498.0
Fixed,flow_ew.31,59.0,38.0,43.96,194.9,506.0
Fixed,flow_we.37,63.0,41.0,45.3,194.9,507.0
Fixed,flow_we.38,52.0,28.0,37.98,194.9,508.0
Fixed,flow_ew.32,47.0,22.0,32.41,194.9,508.0
Fixed,flow_ew.33,33.0,8.0,18.97,194.9,509.0
Fixed,flow_we.39,42.0,17.0,27.61,194.9,510.0
Fixed,flow_we.40,32.0,7.0,16.95,194.9,512.0
Fixed,flow_ew.34,22.0,0.0,6.19,194.9,512.0
Fixed,flow_we.41,22.0,0.0,7.25,194.9,514.0
Fixed,flow_ew.35,15.0,0.0,0.75,194.9,519.0
Fixed,flow_we.42,15.0,0.0,0.94,194.9,519.0
Fixed,flow_we.43,15.0,0.0,0.7,194.9,531.0
Fixed,flow_ew.36,16.0,0.0,0.75,194.9,535.0
Fixed,flow_we.44,17.0,0.0,0.67,194.9,545.0
Fixed,flow_ns.81,64.0,43.0,49.79,194.9,550.0
Fixed,flow_sn.61,62.0,42.0,47.74,194.9,550.0
Fixed,flow_ns.82,61.0,40.0,46.03,194.9,553.0
Fixed,flow_sn.62,58.0,34.0,40.61,194.9,554.0
Fixed,flow_ns.83,57.0,34.0,42.11,194.9,555.0
Fixed,flow_sn.63,51.0,27.0,36.52,194.9,555.0
Fixed,flow_ns.84,53.0,30.0,38.34,194.9,557.0
Fixed,flow_sn.64,45.0,20.0,30.78,194.9,557.0
Fixed,flow_ns.85,49.0,25.0,34.2,194.9,559.0
Fixed,flow_sn.65,39.0,15.0,24.56,194.9,559.0
Fixed,flow_ns.86,44.0,20.0,29.93,194.9,560.0
Fixed,flow_sn.66,33.0,6.0,18.33,194.9,561.0
Fixed,flow_ns.87,41.0,14.0,25.29,194.9,563.0
Fixed,flow_sn.67,27.0,0.0,11.44,194.9,563.0
Fixed,flow_sn.68,20.0,0.0,5.82,194.9,564.0
Fixed,flow_ns.88,37.0,11.0,21.66,194.9,565.0
Fixed,flow_ns.89,32.0,6.0,17.98,194.9,566.0
Fixed,flow_ns.90,28.0,4.0,13.75,194.9,568.0
Fixed,flow_ns.91,24.0,0.0,9.51,194.9,570.0
Fixed,flow_sn.69,15.0,0.0,0.79,194.9,570.0
Fixed,flow_ns.92,17.0,0.0,2.06,194.9,572.0
Fixed,flow_ns.93,15.0,0.0,0.81,194.9,574.0
Fixed,flow_sn.70,16.0,0.0,0.85,194.9,576.0
Fixed,flow_ns.94,15.0,0.0,0.7,194.9,579.0
Fixed,flow_sn.71,17.0,0.0,1.04,194.9,585.0
Fixed,flow_ns.95,22.0,0.0,1.33,194.9,592.0
Fixed,flow_ew.37,63.0,42.0,48.38,194.9,596.0
Fixed,flow_we.45,56.0,34.0,40.98,194.9,596.0
Fixed,flow_ew.38,50.0,25.0,35.14,194.9,598.0
Fixed,flow_we.46,46.0,22.0,31.21,194.9,598.0
Fixed,flow_we.47,36.0,9.0,20.73,194.9,600.0
Fixed,flow_ew.39,39.0,14.0,22.14,194.9,601.0
Fixed,flow_ew.40,26.0,1.0,11.75,194.9,602.0
Fixed,flow_we.48,26.0,0.0,9.15,194.9,602.0
Fixed,flow_we.49,18.0,0.0,3.05,194.9,606.0
Fixed,flow_ew.41,17.0,0.0,2.1,194.9,608.0
Fixed,flow_we.50,15.0,0.0,0.8,194.9,616.0
Fixed,flow_ew.42,16.0,0.0,0.73,194.9,622.0
Fixed,flow_we.51,18.0,0.0,1.38,194.9,630.0
Fixed,flow_ew.43,15.0,0.0,0.62,194.9,635.0
Fixed,flow_ns.96,65.0,44.0,49.61,194.9,641.0
Fixed,flow_sn.72,65.0,43.0,50.16,194.9,641.0
Fixed,flow_sn.73,59.0,36.0,44.33,194.9,643.0
Fixed,flow_ns.97,62.0,38.0,43.03,194.9,644.0
Fixed,flow_sn.74,53.0,29.0,37.74,194.9,645.0
Fixed,flow_ns.98,58.0,33.0,43.54,194.9,646.0
Fixed,flow_sn.75,47.0,22.0,31.63,194.9,647.0
Fixed,flow_ns.99,54.0,28.0,38.98,194.9,648.0
Fixed,flow_sn.76,40.0,16.0,25.87,194.9,648.0
Fixed,flow_ns.100,50.0,24.0,33.77,194.9,650.0
Fixed,flow_sn.77,34.0,8.0,19.24,194.9,650.0
Fixed,flow_ns.101,46.0,20.0,28.95,194.9,652.0
Fixed,flow_sn.78,28.0,2.0,13.02,194.9,652.0
Fixed,flow_ns.102,41.0,14.0,26.52,194.9,653.0
Fixed,flow_sn.79,22.0,0.0,6.62,194.9,654.0
Fixed,flow_ns.103,37.0,9.0,20.71,194.9,655.0
Fixed,flow_ns.104,33.0,6.0,18.28,194.9,657.0
Fixed,flow_sn.80,16.0,0.0,1.01,194.9,657.0
Fixed,flow_ns.105,29.0,2.0,14.16,194.9,659.0
Fixed,flow_ns.106,26.0,0.0,7.44,194.9,662.0
Fixed,flow_sn.81,15.0,0.0,0.71,194.9,663.0
Fixed,flow_ns.107,17.0,0.0,0.77,194.9,665.0
Fixed,flow_ns.108,17.0,0.0,2.16,194.9,667.0
Fixed,flow_ns.109,15.0,0.0,0.53,194.9,669.0
Fixed,flow_sn.82,15.0,0.0,0.56,194.9,672.0
Fixed,flow_ns.110,15.0,0.0,0.81,194.9,675.0
Fixed,flow_sn.83,16.0,0.0,0.78,194.9,680.0
Fixed,flow_we.52,61.0,40.0,46.66,194.9,685.0
Fixed,flow_ew.44,51.0,31.0,36.97,194.9,685.0
Fixed,flow_we.53,51.0,27.0,36.72,194.9,687.0
Fixed,flow_ew.45,40.0,16.0,24.94,194.9,688.0
Fixed,flow_we.54,41.0,17.0,26.42,194.9,689.0
Fixed,flow_ew.46,27.0,2.0,12.16,194.9,690.0
Fixed,flow_we.55,31.0,8.0,16.15,194.9,691.0
Fixed,flow_we.56,21.0,0.0,5.79,194.9,693.0
Fixed,flow_ew.47,17.0,0.0,2.5,194.9,694.0
Fixed,flow_we.57,15.0,0.0,0.8,194.9,699.0
Fixed,flow_ew.48,15.0,0.0,0.67,194.9,707.0
Fixed,flow_we.58,15.0,0.0,0.67,194.9,711.0
Fixed,flow_ew.49,15.0,0.0,0.58,194.9,721.0
Fixed,flow_we.59,15.0,0.0,0.62,194.9,723.0
Fixed,flow_ns.111,65.0,44.0,50.01,194.9,731.0
Fixed,flow_sn.84,59.0,38.0,44.2,194.9,731.0
Fixed,flow_ns.112,60.0,38.0,45.88,194.9,732.0
Fixed,flow_sn.85,53.0,28.0,37.74,194.9,733.0
Fixed,flow_ns.113,54.0,30.0,39.74,194.9,734.0
Fixed,flow_sn.86,46.0,23.0,31.73,194.9,734.0
Fixed,flow_ns.114,52.0,28.0,37.1,194.9,736.0
Fixed,flow_sn.87,41.0,17.0,26.43,194.9,737.0
Fixed,flow_ns.115,48.0,26.0,33.4,194.9,738.0
Fixed,flow_sn.88,35.0,10.0,20.12,194.9,739.0
Fixed,flow_sn.89,28.0,4.0,13.88,194.9,740.0
Fixed,flow_ns.116,45.0,18.0,28.68,194.9,741.0
Fixed,flow_ns.117,40.0,14.0,25.78,194.9,742.0
Fixed,flow_sn.90,23.0,0.0,6.66,194.9,743.0
Fixed,flow_ns.118,36.0,10.0,21.47,194.9,744.0
Fixed,flow_sn.91,17.0,0.0,2.35,194.9,745.0
Fixed,flow_ns.119,32.0,6.0,17.24,194.9,746.0
Fixed,flow_ns.120,27.0,3.0,12.95,194.9,747.0
Fixed,flow_ns.121,24.0,0.0,8.35,194.9,750.0
Fixed,flow_ns.122,18.0,0.0,2.03,194.9,752.0
Fixed,flow_sn.92,17.0,0.0,0.72,194.9,753.0
Fixed,flow_ns.123,16.0,0.0,0.82,194.9,755.0
Fixed,flow_sn.93,15.0,0.0,0.8,194.9,759.0
Fixed,flow_ns.124,15.0,0.0,0.82,194.9,760.0
Fixed,flow_ns.125,17.0,0.0,1.25,194.9,767.0
Fixed,flow_sn.94,15.0,0.0,0.7,194.9,767.0
Fixed,flow_ew.50,57.0,35.0,39.95,194.9,777.0
Fixed,flow_we.60,56.0,32.0,38.32,194.9,777.0
Fixed,flow_we.61,46.0,21.0,31.24,194.9,778.0
Fixed,flow_ew.51,43.0,18.0,28.88,194.9,778.0
Fixed,flow_we.62,36.0,10.0,20.91,194.9,780.0
Fixed,flow_ew.52,31.0,6.0,16.7,194.9,780.0
Fixed,flow_we.63,26.0,0.0,11.1,194.9,782.0
Fixed,flow_ew.53,20.0,0.0,3.6,194.9,784.0
Fixed,flow_we.64,18.0,0.0,2.78,194.9,786.0
Fixed,flow_ew.54,19.0,0.0,1.13,194.9,797.0
Fixed,flow_we.65,17.0,0.0,0.88,194.9,797.0
Fixed,flow_ew.55,15.0,0.0,0.63,194.9,807.0
Fixed,flow_we.66,15.0,0.0,0.57,194.9,807.0
Fixed,flow_ns.126,65.0,43.0,50.08,194.9,821.0
Fixed,flow_sn.95,61.0,40.0,46.38,194.9,821.0
Fixed,flow_ns.127,61.0,39.0,46.17,194.9,823.0
Fixed,flow_sn.96,55.0,31.0,39.52,194.9,823.0
Fixed,flow_ns.128,56.0,34.0,41.91,194.9,824.0
Fixed,flow_sn.97,48.0,26.0,33.98,194.9,824.0
Fixed,flow_sn.98,42.0,17.0,27.73,194.9,826.0
Fixed,flow_ns.129,53.0,29.0,37.16,194.9,827.0
Fixed,flow_ns.130,48.0,25.0,33.76,194.9,828.0
Fixed,flow_sn.99,36.0,13.0,21.59,194.9,828.0
Fixed,flow_sn.100,30.0,3.0,14.97,194.9,830.0
Fixed,flow_ns.131,46.0,19.0,27.98,194.9,832.0
Fixed,flow_sn.101,24.0,0.0,8.91,194.9,832.0
Fixed,flow_ns.132,41.0,14.0,26.4,194.9,833.0
Fixed,flow_sn.102,18.0,0.0,3.25,194.9,834.0
Fixed,flow_ns.133,37.0,10.0,22.07,194.9,835.0
Fixed,flow_ns.134,33.0,6.0,18.52,194.9,837.0
Fixed,flow_ns.135,29.0,3.0,14.14,194.9,839.0
Fixed,flow_sn.103,15.0,0.0,0.84,194.9,839.0
Fixed,flow_ns.136,25.0,0.0,8.61,194.9,841.0
Fixed,flow_ns.137,18.0,0.0,3.69,194.9,842.0
Fixed,flow_ns.138,16.0,0.0,1.55,194.9,844.0
Fixed,flow_sn.104,16.0,0.0,0.76,194.9,848.0
Fixed,flow_ns.139,15.0,0.0,0.79,194.9,849.0
Fixed,flow_ns.140,16.0,0.0,0.8,194.9,856.0
Fixed,flow_sn.105,19.0,0.0,1.2,194.9,861.0
Fixed,flow_ew.56,59.0,37.0,44.07,194.9,866.0
Fixed,flow_we.67,63.0,39.0,46.07,194.9,867.0
Fixed,flow_we.68,52.0,26.0,37.94,194.9,868.0
Fixed,flow_ew.57,47.0,22.0,32.39,194.9,868.0
Fixed,flow_we.69,42.0,17.0,27.78,194.9,870.0
Fixed,flow_ew.58,34.0,10.0,18.26,194.9,870.0
Fixed,flow_we.70,32.0,8.0,17.59,194.9,872.0
Fixed,flow_ew.59,23.0,0.0,5.52,194.9,873.0
Fixed,flow_we.71,22.0,0.0,7.0,194.9,874.0
Fixed,flow_ew.60,15.0,0.0,0.65,194.9,879.0
Fixed,flow_we.72,17.0,0.0,0.99,194.9,883.0
Fixed,flow_we.73,15.0,0.0,0.72,194.9,891.0
Fixed,flow_ew.61,15.0,0.0,0.71,194.9,894.0
Fixed,flow_we.74,15.0,0.0,0.76,194.9,903.0
Fixed,flow_ns.141,64.0,45.0,49.86,194.9,910.0
Fixed,flow_sn.106,62.0,41.0,46.16,194.9,911.0
Fixed,flow_ns.142,61.0,39.0,44.33,194.9,913.0
Fixed,flow_sn.107,57.0,36.0,40.51,194.9,913.0
Fixed,flow_ns.143,57.0,34.0,42.36,194.9,915.0
Fixed,flow_sn.108,51.0,26.0,36.46,194.9,915.0
Fixed,flow_ns.144,53.0,29.0,38.16,194.9,917.0
Fixed,flow_sn.109,45.0,20.0,29.3,194.9,917.0
Fixed,flow_ns.145,48.0,25.0,33.95,194.9,918.0
Fixed,flow_sn.110,39.0,15.0,24.17,194.9,919.0
Fixed,flow_ns.146,44.0,19.0,29.85,194.9,920.0
Fixed,flow_sn.111,32.0,8.0,17.69,194.9,920.0
Fixed,flow_ns.147,40.0,14.0,25.76,194.9,922.0
Fixed,flow_sn.112,26.0,0.0,11.46,194.9,922.0
Fixed,flow_ns.148,36.0,10.0,21.49,194.9,924.0
Fixed,flow_ns.149,32.0,6.0,17.31,194.9,926.0
Fixed,flow_ew.62,63.0,42.0,48.31,194.9,956.0
Adaptive,flow_ns.0,15.0,0.0,0.67,194.9,15.0
Adaptive,flow_sn.0,16.0,0.0,0.96,194.9,16.0
Adaptive,flow_ns.1,15.0,0.0,0.82,194.9,21.0
Adaptive,flow_ew.0,29.0,8.0,14.89,194.9,29.0
Adaptive,flow_we.0,29.0,9.0,14.72,194.9,29.0
Adaptive,flow_we.1,20.0,0.0,3.69,194.9,32.0
Adaptive,flow_ew.1,18.0,0.0,3.03,194.9,33.0
Adaptive,flow_we.2,15.0,0.0,0.68,194.9,39.0
Adaptive,flow_ns.2,35.0,15.0,20.98,194.9,47.0
Adaptive,flow_sn.1,41.0,17.0,23.74,194.9,49.0
Adaptive,flow_ns.3,31.0,10.0,16.71,194.9,49.0
Adaptive,flow_sn.2,35.0,11.0,18.24,194.9,51.0
Adaptive,flow_ns.4,27.0,5.0,12.51,194.9,51.0
Adaptive,flow_sn.3,29.0,5.0,14.19,194.9,53.0
Adaptive,flow_ns.5,23.0,0.0,7.52,194.9,53.0
Adaptive,flow_sn.4,23.0,0.0,6.28,194.9,55.0
Adaptive,flow_ns.6,19.0,0.0,3.71,194.9,55.0
Adaptive,flow_sn.5,17.0,0.0,2.34,194.9,57.0
Adaptive,flow_ns.7,16.0,0.0,1.23,194.9,58.0
Adaptive,flow_ew.2,36.0,17.0,21.82,194.9,65.0
Adaptive,flow_we.3,30.0,9.0,14.31,194.9,66.0
Adaptive,flow_ew.3,24.0,0.0,9.11,194.9,68.0
Adaptive,flow_we.4,21.0,0.0,3.24,194.9,69.0
Adaptive,flow_ew.4,16.0,0.0,0.59,194.9,74.0
Adaptive,flow_we.5,16.0,0.0,0.65,194.9,76.0
Adaptive,flow_ns.8,36.0,14.0,20.78,194.9,84.0
Adaptive,flow_sn.6,36.0,14.0,20.2,194.9,84.0
Adaptive,flow_ns.9,32.0,10.0,15.63,194.9,86.0
Adaptive,flow_sn.7,30.0,6.0,14.41,194.9,86.0
Adaptive,flow_ns.10,28.0,6.0,13.28,194.9,88.0
Adaptive,flow_sn.8,24.0,0.0,9.33,194.9,88.0
Adaptive,flow_sn.9,17.0,0.0,2.98,194.9,89.0
Adaptive,flow_ns.11,24.0,0.0,9.12,194.9,90.0
Adaptive,flow_ns.12,19.0,0.0,4.87,194.9,91.0
Adaptive,flow_ns.13,16.0,0.0,1.52,194.9,94.0
Adaptive,flow_sn.10,15.0,0.0,0.62,194.9,95.0
Adaptive,flow_we.6,29.0,9.0,14.56,194.9,101.0
Adaptive,flow_ew.5,30.0,9.0,15.12,194.9,102.0
Adaptive,flow_we.7,20.0,0.0,3.82,194.9,104.0
Adaptive,flow_ew.6,18.0,0.0,3.26,194.9,105.0
Adaptive,flow_we.8,15.0,0.0,0.53,194.9,111.0
Adaptive,flow_ns.14,36.0,15.0,21.16,194.9,120.0
Adaptive,flow_sn.11,32.0,10.0,16.95,194.9,120.0
Adaptive,flow_ns.15,32.0,10.0,17.25,194.9,122.0
Adaptive,flow_sn.12,26.0,3.0,11.29,194.9,122.0
Adaptive,flow_ns.16,28.0,4.0,13.11,194.9,124.0
Adaptive,flow_sn.13,20.0,0.0,3.72,194.9,124.0
Adaptive,flow_ns.17,24.0,0.0,8.37,194.9,126.0
Adaptive,flow_sn.14,15.0,0.0,0.77,194.9,127.0
Adaptive,flow_ns.18,21.0,0.0,4.12,194.9,129.0
Adaptive,flow_ns.19,17.0,0.0,2.25,194.9,131.0
Adaptive,flow_ew.7,36.0,15.0,21.95,194.9,137.0
Adaptive,flow_we.9,30.0,8.0,13.42,194.9,138.0
Adaptive,flow_ew.8,24.0,0.0,9.71,194.9,140.0
Adaptive,flow_we.10,20.0,0.0,4.0,194.9,140.0
Adaptive,flow_ew.9,17.0,0.0,2.16,194.9,147.0
Adaptive,flow_we.11,15.0,0.0,0.71,194.9,147.0
Adaptive,flow_ns.20,35.0,15.0,20.49,194.9,155.0
Adaptive,flow_sn.15,36.0,15.0,21.06,194.9,156.0
Adaptive,flow_ns.21,32.0,9.0,17.24,194.9,158.0
Adaptive,flow_sn.16,30.0,6.0,15.34,194.9,158.0
Adaptive,flow_ns.22,28.0,4.0,13.18,194.9,160.0
Adaptive,flow_sn.17,24.0,2.0,9.07,194.9,160.0
Adaptive,flow_ns.23,23.0,0.0,8.72,194.9,161.0
Adaptive,flow_sn.18,19.0,0.0,3.01,194.9,163.0
Adaptive,flow_ns.24,20.0,0.0,4.32,194.9,164.0
Adaptive,flow_ns.25,16.0,0.0,1.36,194.9,166.0
Adaptive,flow_sn.19,15.0,0.0,0.67,194.9,167.0
Adaptive,flow_ew.10,30.0,9.0,14.1,194.9,174.0
Adaptive,flow_we.12,30.0,8.0,14.03,194.9,174.0
Adaptive,flow_we.13,20.0,0.0,4.66,194.9,176.0
Adaptive,flow_ew.11,19.0,0.0,3.48,194.9,178.0
Adaptive,flow_we.14,16.0,0.0,0.89,194.9,184.0
Adaptive,flow_ns.26,35.0,15.0,20.89,194.9,191.0
Adaptive,flow_sn.20,32.0,12.0,17.26,194.9,192.0
Adaptive,flow_ns.27,31.0,11.0,16.27,194.9,193.0
Adaptive,flow_sn.21,26.0,3.0,11.3,194.9,194.0
Adaptive,flow_ns.28,27.0,6.0,12.49,194.9,195.0
Adaptive,flow_sn.22,20.0,0.0,5.12,194.9,196.0
Adaptive,flow_ns.29,23.0,0.0,8.41,194.9,197.0
Adaptive,flow_ns.30,19.0,0.0,4.15,194.9,199.0
Adaptive,flow_sn.23,16.0,0.0,1.43,194.9,200.0
Adaptive,flow_ns.31,16.0,0.0,1.48,194.9,202.0
Adaptive,flow_we.15,29.0,7.0,14.73,194.9,209.0
Adaptive,flow_ew.12,37.0,16.0,22.45,194.9,210.0
Adaptive,flow_we.16,19.0,0.0,4.55,194.9,211.0
Adaptive,flow_ew.13,24.0,1.0,9.08,194.9,212.0
Adaptive,flow_ew.14,17.0,0.0,1.07,194.9,219.0
Adaptive,flow_we.17,17.0,0.0,0.89,194.9,221.0
Adaptive,flow_ns.32,36.0,15.0,21.07,194.9,228.0
Adaptive,flow_sn.24,36.0,13.0,21.83,194.9,228.0
Adaptive,flow_ns.33,31.0,10.0,16.86,194.9,229.0
Adaptive,flow_sn.25,30.0,8.0,15.58,194.9,230.0
Adaptive,flow_ns.34,28.0,4.0,11.0,194.9,232.0
Adaptive,flow_sn.26,24.0,1.0,9.55,194.9,232.0
Adaptive,flow_ns.35,24.0,1.0,9.45,194.9,234.0
Adaptive,flow_sn.27,19.0,0.0,3.17,194.9,235.0
Adaptive,flow_ns.36,20.0,0.0,5.15,194.9,236.0
Adaptive,flow_ns.37,16.0,0.0,1.16,194.9,238.0
Adaptive,flow_sn.28,16.0,0.0,0.93,194.9,240.0
Adaptive,flow_ew.15,30.0,10.0,15.28,194.9,246.0
Adaptive,flow_we.18,30.0,7.0,15.52,194.9,246.0
Adaptive,flow_we.19,20.0,0.0,4.81,194.9,248.0
Adaptive,flow_ew.16,20.0,0.0,3.7,194.9,251.0
Adaptive,flow_we.20,16.0,0.0,0.83,194.9,256.0
Adaptive,flow_sn.29,31.0,11.0,16.93,194.9,263.0
Adaptive,flow_ns.38,36.0,15.0,21.12,194.9,264.0
Adaptive,flow_ns.39,32.0,10.0,17.58,194.9,266.0
Adaptive,flow_sn.30,26.0,3.0,11.02,194.9,266.0
Adaptive,flow_sn.31,19.0,0.0,4.97,194.9,267.0
Adaptive,flow_ns.40,28.0,5.0,13.32,194.9,268.0
Adaptive,flow_ns.41,24.0,0.0,7.78,194.9,270.0
Adaptive,flow_ns.42,20.0,0.0,5.6,194.9,272.0
Adaptive,flow_sn.32,17.0,0.0,1.3,194.9,273.0
Adaptive,flow_ns.43,16.0,0.0,1.48,194.9,274.0
Adaptive,flow_ew.17,37.0,15.0,21.71,194.9,282.0
Adaptive,flow_we.21,30.0,9.0,15.1,194.9,282.0
Adaptive,flow_ew.18,24.0,0.0,9.54,194.9,284.0
Adaptive,flow_we.22,20.0,0.0,4.21,194.9,284.0
Adaptive,flow_ew.19,17.0,0.0,2.13,194.9,291.0
Adaptive,flow_we.23,15.0,0.0,0.86,194.9,291.0
Adaptive,flow_ns.44,36.0,15.0,21.08,194.9,300.0
Adaptive,flow_sn.33,36.0,16.0,21.14,194.9,300.0
Adaptive,flow_sn.34,29.0,7.0,14.96,194.9,301.0
Adaptive,flow_ns.45,32.0,11.0,17.42,194.9,302.0
Adaptive,flow_sn.35,23.0,1.0,8.65,194.9,303.0
Adaptive,flow_ns.46,28.0,5.0,13.05,194.9,304.0
Adaptive,flow_sn.36,18.0,0.0,3.2,194.9,306.0
Adaptive,flow_ns.47,25.0,0.0,7.31,194.9,307.0
Adaptive,flow_ns.48,20.0,0.0,5.96,194.9,308.0
Adaptive,flow_ns.49,16.0,0.0,1.33,194.9,310.0
Adaptive,flow_sn.37,15.0,0.0,0.73,194.9,311.0
Adaptive,flow_ew.20,29.0,8.0,14.7,194.9,317.0
Adaptive,flow_we.24,30.0,8.0,15.66,194.9,318.0
Adaptive,flow_we.25,20.0,0.0,5.33,194.9,320.0
Adaptive,flow_ew.21,18.0,0.0,3.78,194.9,321.0
Adaptive,flow_we.26,15.0,0.0,0.73,194.9,327.0
Adaptive,flow_ns.50,35.0,15.0,20.61,194.9,335.0
Adaptive,flow_sn.38,32.0,11.0,17.16,194.9,336.0
Adaptive,flow_ns.51,31.0,9.0,16.89,194.9,337.0
Adaptive,flow_sn.39,25.0,4.0,10.9,194.9,337.0
Adaptive,flow_ns.52,28.0,5.0,12.59,194.9,340.0
Adaptive,flow_ns.53,24.0,0.0,9.04,194.9,342.0
Adaptive,flow_sn.40,22.0,0.0,2.65,194.9,342.0
Adaptive,flow_ns.54,19.0,0.0,4.76,194.9,343.0
Adaptive,flow_sn.41,16.0,0.0,1.54,194.9,344.0
Adaptive,flow_ns.55,16.0,0.0,1.31,194.9,346.0
Adaptive,flow_ew.22,37.0,15.0,21.95,194.9,354.0
Adaptive,flow_we.27,30.0,7.0,14.15,194.9,354.0
Adaptive,flow_ew.23,24.0,0.0,9.64,194.9,356.0
Adaptive,flow_we.28,20.0,0.0,5.58,194.9,356.0
Adaptive,flow_ew.24,15.0,0.0,0.62,194.9,361.0
Adaptive,flow_we.29,15.0,0.0,0.64,194.9,363.0
Adaptive,flow_sn.42,35.0,15.0,20.95,194.9,371.0
Adaptive,flow_ns.56,36.0,16.0,20.9,194.9,372.0
Adaptive,flow_sn.43,29.0,7.0,14.97,194.9,373.0
Adaptive,flow_ns.57,32.0,10.0,16.19,194.9,374.0
Adaptive,flow_ns.58,27.0,5.0,12.93,194.9,375.0
Adaptive,flow_sn.44,24.0,1.0,7.81,194.9,376.0
Adaptive,flow_ns.59,23.0,0.0,8.73,194.9,377.0
Adaptive,flow_sn.45,17.0,0.0,2.93,194.9,377.0
Adaptive,flow_ns.60,20.0,0.0,3.36,194.9,380.0
Adaptive,flow_ns.61,16.0,0.0,1.05,194.9,382.0
Adaptive,flow_sn.46,17.0,0.0,0.76,194.9,385.0
Adaptive,flow_ew.25,30.0,8.0,14.96,194.9,390.0
Adaptive,flow_we.30,30.0,9.0,15.39,194.9,390.0
Adaptive,flow_we.31,20.0,0.0,5.2,194.9,392.0
Adaptive,flow_ew.26,18.0,0.0,3.38,194.9,393.0
Adaptive,flow_we.32,15.0,0.0,0.65,194.9,399.0
Adaptive,flow_ns.62,36.0,14.0,21.21,194.9,408.0
Adaptive,flow_sn.47,32.0,12.0,17.01,194.9,408.0
Adaptive,flow_ns.63,31.0,10.0,16.83,194.9,409.0
Adaptive,flow_sn.48,27.0,1.0,10.52,194.9,411.0
Adaptive,flow_ns.64,28.0,4.0,11.99,194.9,412.0
Adaptive,flow_sn.49,20.0,0.0,5.87,194.9,412.0
Adaptive,flow_ns.65,24.0,0.0,8.49,194.9,414.0
Adaptive,flow_ns.66,20.0,0.0,5.27,194.9,416.0
Adaptive,flow_sn.50,16.0,0.0,1.55,194.9,416.0
Adaptive,flow_ns.67,16.0,0.0,1.33,194.9,418.0
Adaptive,flow_ew.27,37.0,17.0,21.43,194.9,426.0
Adaptive,flow_we.33,30.0,10.0,15.1,194.9,426.0
Adaptive,flow_ew.28,24.0,0.0,9.11,194.9,428.0
Adaptive,flow_we.34,20.0,0.0,4.55,194.9,428.0
Adaptive,flow_ew.29,17.0,0.0,0.8,194.9,435.0
Adaptive,flow_we.35,16.0,0.0,0.89,194.9,436.0
Adaptive,flow_sn.51,35.0,15.0,20.8,194.9,443.0
Adaptive,flow_ns.68,36.0,15.0,21.43,194.9,444.0
Adaptive,flow_sn.52,29.0,6.0,14.75,194.9,445.0
Adaptive,flow_ns.69,32.0,10.0,16.36,194.9,446.0
Adaptive,flow_ns.70,28.0,6.0,12.99,194.9,448.0
Adaptive,flow_sn.53,24.0,0.0,7.75,194.9,448.0
Adaptive,flow_ns.71,24.0,1.0,8.26,194.9,450.0
Adaptive,flow_sn.54,18.0,0.0,3.17,194.9,450.0
Adaptive,flow_ns.72,20.0,0.0,5.07,194.9,452.0
Adaptive,flow_ns.73,16.0,0.0,1.36,194.9,454.0
Adaptive,flow_sn.55,18.0,0.0,1.08,194.9,458.0
Adaptive,flow_ew.30,29.0,10.0,14.92,194.9,461.0
Adaptive,flow_we.36,30.0,7.0,13.28,194.9,462.0
Adaptive,flow_we.37,21.0,0.0,3.44,194.9,465.0
Adaptive,flow_ew.31,19.0,0.0,3.69,194.9,466.0
Adaptive,flow_we.38,15.0,0.0,0.68,194.9,471.0
Adaptive,flow_ns.74,36.0,14.0,21.59,194.9,480.0
Adaptive,flow_sn.56,32.0,9.0,15.31,194.9,480.0
Adaptive,flow_ns.75,32.0,10.0,17.34,194.9,482.0
Adaptive,flow_sn.57,26.0,4.0,11.13,194.9,482.0
Adaptive,flow_ns.76,28.0,4.0,13.13,194.9,484.0
Adaptive,flow_sn.58,20.0,0.0,4.46,194.9,484.0
Adaptive,flow_ns.77,24.0,0.0,8.93,194.9,486.0
Adaptive,flow_sn.59,15.0,0.0,0.88,194.9,487.0
Adaptive,flow_ns.78,20.0,0.0,4.88,194.9,488.0
Adaptive,flow_ns.79,16.0,0.0,1.37,194.9,490.0
Adaptive,flow_ew.32,37.0,16.0,22.27,194.9,498.0
Adaptive,flow_we.39,30.0,8.0,15.25,194.9,498.0
Adaptive,flow_ew.33,24.0,0.0,9.25,194.9,500.0
Adaptive,flow_we.40,20.0,0.0,4.88,194.9,500.0
Adaptive,flow_we.41,15.0,0.0,0.72,194.9,507.0
Adaptive,flow_ew.34,18.0,0.0,1.98,194.9,508.0
Adaptive,flow_ns.80,36.0,13.0,19.06,194.9,516.0
Adaptive,flow_sn.60,36.0,13.0,21.85,194.9,516.0
Adaptive,flow_ns.81,32.0,11.0,17.52,194.9,518.0
Adaptive,flow_sn.61,30.0,7.0,15.84,194.9,518.0
Adaptive,flow_ns.82,28.0,5.0,13.3,194.9,520.0
Adaptive,flow_sn.62,25.0,0.0,8.19,194.9,521.0
Adaptive,flow_ns.83,24.0,0.0,9.13,194.9,522.0
Adaptive,flow_ns.84,19.0,0.0,4.81,194.9,523.0
Adaptive,flow_sn.63,19.0,0.0,4.23,194.9,523.0
Adaptive,flow_ns.85,15.0,0.0,0.96,194.9,525.0
Adaptive,flow_sn.64,15.0,0.0,0.69,194.9,527.0
Adaptive,flow_ew.35,30.0,10.0,15.11,194.9,534.0
Adaptive,flow_we.42,30.0,8.0,15.48,194.9,534.0
Adaptive,flow_we.43,20.0,0.0,5.3,194.9,536.0
Adaptive,flow_ew.36,19.0,0.0,3.64,194.9,538.0
Adaptive,flow_we.44,17.0,0.0,0.88,194.9,545.0
Adaptive,flow_ns.86,35.0,14.0,20.59,194.9,551.0
Adaptive,flow_sn.65,32.0,11.0,17.45,194.9,552.0
Adaptive,flow_ns.87,31.0,9.0,14.78,194.9,554.0
Adaptive,flow_sn.66,26.0,3.0,11.52,194.9,554.0
Adaptive,flow_ns.88,27.0,4.0,12.26,194.9,555.0
Adaptive,flow_sn.67,20.0,0.0,5.0,194.9,556.0
Adaptive,flow_ns.89,23.0,1.0,8.79,194.9,557.0
Adaptive,flow_ns.90,19.0,0.0,4.78,194.9,559.0
Adaptive,flow_sn.68,17.0,0.0,2.33,194.9,561.0
Adaptive,flow_ns.91,16.0,0.0,1.15,194.9,562.0
Adaptive,flow_ew.37,36.0,15.0,21.68,194.9,570.0
Adaptive,flow_we.45,30.0,8.0,15.09,194.9,570.0
Adaptive,flow_ew.38,24.0,0.0,9.45,194.9,572.0
Adaptive,flow_we.46,20.0,0.0,5.3,194.9,572.0
Adaptive,flow_ew.39,17.0,0.0,0.9,194.9,579.0
Adaptive,flow_we.47,16.0,0.0,0.9,194.9,580.0
Adaptive,flow_ns.92,36.0,15.0,20.9,194.9,588.0
Adaptive,flow_sn.69,36.0,15.0,21.15,194.9,588.0
Adaptive,flow_ns.93,31.0,11.0,16.96,194.9,589.0
Adaptive,flow_sn.70,28.0,2.0,12.21,194.9,590.0
Adaptive,flow_ns.94,27.0,6.0,12.7,194.9,591.0
Adaptive,flow_sn.71,24.0,0.0,7.8,194.9,592.0
Adaptive,flow_sn.72,18.0,0.0,3.55,194.9,594.0
Adaptive,flow_ns.95,26.0,0.0,6.19,194.9,596.0
Adaptive,flow_ns.96,22.0,0.0,7.31,194.9,598.0
Adaptive,flow_sn.73,15.0,0.0,0.71,194.9,599.0
Adaptive,flow_ns.97,21.0,0.0,1.55,194.9,603.0
Adaptive,flow_ew.40,30.0,8.0,15.54,194.9,606.0
Adaptive,flow_we.48,31.0,8.0,13.64,194.9,607.0
Adaptive,flow_we.49,20.0,0.0,5.35,194.9,608.0
Adaptive,flow_ew.41,18.0,0.0,3.97,194.9,609.0
Adaptive,flow_we.50,15.0,0.0,0.69,194.9,615.0
Adaptive,flow_ns.98,35.0,16.0,20.92,194.9,623.0
Adaptive,flow_sn.74,32.0,11.0,16.61,194.9,624.0
Adaptive,flow_ns.99,32.0,10.0,17.21,194.9,626.0
Adaptive,flow_sn.75,26.0,3.0,11.11,194.9,626.0
Adaptive,flow_ns.100,28.0,5.0,12.41,194.9,628.0
Adaptive,flow_sn.76,20.0,0.0,5.37,194.9,628.0
Adaptive,flow_ns.101,25.0,1.0,8.07,194.9,631.0
Adaptive,flow_ns.102,20.0,0.0,5.65,194.9,632.0
Adaptive,flow_sn.77,16.0,0.0,1.58,194.9,632.0
Adaptive,flow_ns.103,18.0,0.0,1.4,194.9,636.0
Adaptive,flow_ew.42,36.0,16.0,21.56,194.9,641.0
Adaptive,flow_we.51,31.0,8.0,13.9,194.9,643.0
Adaptive,flow_ew.43,23.0,0.0,8.66,194.9,643.0
Adaptive,flow_we.52,21.0,0.0,5.98,194.9,645.0
Adaptive,flow_ew.44,15.0,0.0,0.77,194.9,649.0
Adaptive,flow_we.53,15.0,0.0,0.44,194.9,651.0
Adaptive,flow_ns.104,35.0,15.0,20.72,194.9,659.0
Adaptive,flow_sn.78,36.0,15.0,20.97,194.9,660.0
Adaptive,flow_ns.105,32.0,10.0,17.03,194.9,662.0
Adaptive,flow_sn.79,30.0,5.0,14.45,194.9,662.0
Adaptive,flow_sn.80,24.0,0.0,8.78,194.9,664.0
Adaptive,flow_ns.106,30.0,4.0,10.66,194.9,666.0
Adaptive,flow_sn.81,18.0,0.0,3.08,194.9,666.0
Adaptive,flow_ns.107,25.0,0.0,9.13,194.9,667.0
Adaptive,flow_ns.108,21.0,0.0,6.65,194.9,669.0
Adaptive,flow_ns.109,17.0,0.0,2.42,194.9,671.0
Adaptive,flow_sn.82,15.0,0.0,0.66,194.9,671.0
Adaptive,flow_ew.45,30.0,9.0,14.71,194.9,678.0
Adaptive,flow_we.54,30.0,8.0,15.38,194.9,678.0
Adaptive,flow_we.55,20.0,0.0,5.12,194.9,680.0
Adaptive,flow_ew.46,19.0,0.0,4.16,194.9,682.0
Adaptive,flow_we.56,16.0,0.0,0.71,194.9,688.0
Adaptive,flow_ns.110,36.0,15.0,21.18,194.9,696.0
Adaptive,flow_sn.83,32.0,9.0,16.88,194.9,696.0
Adaptive,flow_ns.111,31.0,10.0,16.66,194.9,697.0
Adaptive,flow_sn.84,26.0,2.0,11.13,194.9,698.0
Adaptive,flow_ns.112,27.0,5.0,12.78,194.9,699.0
Adaptive,flow_sn.85,19.0,0.0,4.71,194.9,699.0
Adaptive,flow_ns.113,23.0,1.0,8.72,194.9,701.0
Adaptive,flow_ns.114,19.0,0.0,4.17,194.9,703.0
Adaptive,flow_sn.86,16.0,0.0,1.23,194.9,704.0
Adaptive,flow_ns.115,16.0,0.0,1.68,194.9,706.0
Adaptive,flow_ew.47,37.0,16.0,21.92,194.9,714.0
Adaptive,flow_we.57,30.0,9.0,15.33,194.9,714.0
Adaptive,flow_ew.48,24.0,0.0,9.24,194.9,716.0
Adaptive,flow_we.58,20.0,0.0,5.07,194.9,716.0
Adaptive,flow_ew.49,15.0,0.0,0.92,194.9,721.0
Adaptive,flow_we.59,16.0,0.0,0.7,194.9,724.0
Adaptive,flow_ns.116,36.0,14.0,20.22,194.9,732.0
Adaptive,flow_sn.87,36.0,15.0,21.15,194.9,732.0
Adaptive,flow_sn.88,29.0,6.0,14.95,194.9,733.0
Adaptive,flow_ns.117,32.0,10.0,17.48,194.9,734.0
Adaptive,flow_sn.89,23.0,0.0,8.76,194.9,735.0
Adaptive,flow_ns.118,28.0,4.0,13.22,194.9,736.0
Adaptive,flow_ns.119,23.0,0.0,8.95,194.9,737.0
Adaptive,flow_ns.120,19.0,0.0,4.74,194.9,739.0
Adaptive,flow_sn.90,19.0,0.0,2.58,194.9,739.0
Adaptive,flow_ns.121,17.0,0.0,1.39,194.9,743.0
Adaptive,flow_sn.91,15.0,0.0,0.85,194.9,743.0
Adaptive,flow_ew.50,30.0,8.0,13.76,194.9,750.0
Adaptive,flow_we.60,29.0,7.0,11.94,194.9,750.0
Adaptive,flow_we.61,20.0,0.0,4.82,194.9,752.0
Adaptive,flow_ew.51,18.0,0.0,3.59,194.9,753.0
Adaptive,flow_we.62,16.0,0.0,0.9,194.9,760.0
Adaptive,flow_ns.122,35.0,14.0,19.15,194.9,768.0
Adaptive,flow_sn.92,31.0,8.0,15.34,194.9,768.0
Adaptive,flow_ns.123,32.0,11.0,16.58,194.9,770.0
Adaptive,flow_sn.93,26.0,5.0,11.51,194.9,770.0
Adaptive,flow_ns.124,27.0,5.0,12.93,194.9,771.0
Adaptive,flow_sn.94,20.0,0.0,5.29,194.9,772.0
Adaptive,flow_ns.125,24.0,0.0,7.88,194.9,774.0
Adaptive,flow_sn.95,15.0,0.0,0.63,194.9,775.0
Adaptive,flow_ns.126,20.0,0.0,5.28,194.9,776.0
Adaptive,flow_ns.127,16.0,0.0,1.25,194.9,778.0
Adaptive,flow_we.63,29.0,9.0,14.23,194.9,785.0
Adaptive,flow_ew.52,37.0,16.0,22.19,194.9,786.0
Adaptive,flow_we.64,19.0,0.0,4.25,194.9,787.0
Adaptive,flow_ew.53,25.0,0.0,7.94,194.9,789.0
Adaptive,flow_ew.54,18.0,0.0,0.91,194.9,796.0
Adaptive,flow_we.65,17.0,0.0,0.81,194.9,797.0
Adaptive,flow_ns.128,35.0,16.0,20.95,194.9,803.0
Adaptive,flow_sn.96,36.0,15.0,20.81,194.9,804.0
Adaptive,flow_sn.97,28.0,3.0,13.21,194.9,806.0
Adaptive,flow_ns.129,32.0,9.0,16.13,194.9,807.0
Adaptive,flow_sn.98,23.0,1.0,8.96,194.9,807.0
Adaptive,flow_ns.130,28.0,6.0,13.73,194.9,808.0
Adaptive,flow_sn.99,18.0,0.0,3.27,194.9,810.0
Adaptive,flow_ns.131,26.0,0.0,7.97,194.9,812.0
Adaptive,flow_ns.132,21.0,0.0,6.35,194.9,813.0
Adaptive,flow_ns.133,17.0,0.0,1.96,194.9,815.0
Adaptive,flow_sn.100,16.0,0.0,0.81,194.9,816.0
Adaptive,flow_we.66,29.0,9.0,14.62,194.9,821.0
Adaptive,flow_ew.55,30.0,8.0,15.21,194.9,822.0
Adaptive,flow_we.67,20.0,0.0,3.27,194.9,824.0
Adaptive,flow_ew.56,18.0,0.0,3.59,194.9,825.0
Adaptive,flow_we.68,15.0,0.0,0.71,194.9,831.0
Adaptive,flow_ns.134,36.0,15.0,21.24,194.9,840.0
Adaptive,flow_sn.101,32.0,10.0,16.6,194.9,840.0
Adaptive,flow_ns.135,32.0,10.0,17.18,194.9,842.0
Adaptive,flow_sn.102,26.0,3.0,11.07,194.9,842.0
Adaptive,flow_sn.103,19.0,0.0,4.86,194.9,843.0
Adaptive,flow_ns.136,29.0,3.0,12.61,194.9,845.0
Adaptive,flow_ns.137,24.0,0.0,9.63,194.9,846.0
Adaptive,flow_ns.138,20.0,0.0,5.48,194.9,848.0
Adaptive,flow_sn.104,17.0,0.0,1.41,194.9,849.0
Adaptive,flow_ns.139,16.0,0.0,1.77,194.9,850.0
Adaptive,flow_ew.57,37.0,17.0,22.08,194.9,858.0
Adaptive,flow_we.69,30.0,8.0,15.04,194.9,858.0
Adaptive,flow_we.70,19.0,0.0,4.77,194.9,859.0
Adaptive,flow_ew.58,24.0,0.0,8.16,194.9,860.0
Adaptive,flow_ew.59,18.0,0.0,0.79,194.9,868.0
Adaptive,flow_we.71,16.0,0.0,0.74,194.9,868.0
Adaptive,flow_ns.140,36.0,13.0,20.8,194.9,876.0
Adaptive,flow_sn.105,37.0,14.0,18.9,194.9,877.0
Adaptive,flow_ns.141,32.0,11.0,17.45,194.9,878.0
Adaptive,flow_sn.106,30.0,8.0,14.79,194.9,878.0
Adaptive,flow_sn.107,24.0,0.0,7.34,194.9,880.0
Adaptive,flow_ns.142,29.0,5.0,11.59,194.9,881.0
Adaptive,flow_ns.143,24.0,1.0,9.73,194.9,882.0
Adaptive,flow_sn.108,18.0,0.0,3.56,194.9,882.0
Adaptive,flow_ns.144,20.0,0.0,5.4,194.9,884.0
Adaptive,flow_ns.145,16.0,0.0,1.2,194.9,886.0
Adaptive,flow_sn.109,17.0,0.0,0.9,194.9,889.0
Adaptive,flow_ew.60,30.0,8.0,15.03,194.9,894.0
Adaptive,flow_we.72,30.0,9.0,13.95,194.9,894.0
Adaptive,flow_we.73,20.0,0.0,5.3,194.9,896.0
Adaptive,flow_ew.61,19.0,0.0,4.09,194.9,898.0
Adaptive,flow_we.74,15.0,0.0,0.89,194.9,903.0
Adaptive,flow_ns.146,35.0,13.0,20.09,194.9,912.0
Adaptive,flow_sn.110,31.0,9.0,16.32,194.9,912.0
Adaptive,flow_ns.147,32.0,10.0,17.18,194.9,914.0
Adaptive,flow_sn.111,26.0,3.0,10.77,194.9,914.0
Adaptive,flow_sn.112,19.0,0.0,4.64,194.9,915.0
Adaptive,flow_ns.148,27.0,3.0,12.13,194.9,916.0
Adaptive,flow_ns.149,23.0,1.0,8.8,194.9,917.0
Adaptive,flow_ew.62,37.0,15.0,22.24,194.9,930.0
