step,north_queue,south_queue,east_queue,west_queue,emergency_active,phase
0,0,0,0,0,False,0
1,0,0,0,0,False,0
2,0,0,0,0,False,0
3,0,0,0,0,False,0
4,0,0,0,0,False,0
5,0,0,0,0,False,0
6,0,0,0,0,False,0
7,0,0,0,0,False,0
8,0,0,0,0,False,0
9,0,0,0,0,False,0
10,0,0,0,1,False,0
11,0,0,1,1,False,0
12,0,0,1,2,False,0
13,0,0,1,1,False,0
14,0,0,1,1,False,0
15,0,0,2,1,False,0
16,0,0,1,1,False,0
17,0,0,1,1,False,0
18,0,0,1,1,False,0
19,0,0,1,1,False,0
20,0,0,1,1,False,0
21,0,0,1,1,False,0
22,0,0,1,1,False,0
23,0,0,1,1,False,0
24,0,0,1,3,False,0
25,0,0,1,2,False,0
26,0,0,1,2,False,0
27,0,0,2,2,False,0
28,0,0,2,2,False,0
29,0,0,3,2,False,0
30,0,0,2,2,False,0
31,0,0,2,2,False,0
32,0,0,2,2,False,0
33,0,0,2,2,False,0
34,0,0,2,2,False,0
35,0,0,2,2,False,0
36,0,0,2,4,False,0
37,0,0,2,3,False,0
38,0,0,2,3,False,0
39,0,0,2,3,False,0
40,0,0,2,3,False,0
41,0,0,3,3,False,0
42,0,0,3,3,False,1
43,0,0,3,3,False,1
44,0,0,4,3,False,1
45,0,0,2,2,False,2
46,0,0,1,1,False,2
47,0,0,0,1,False,2
48,1,0,0,0,False,2
49,1,0,0,0,False,2
50,1,0,0,0,False,2
51,1,1,0,0,False,2
52,2,1,0,0,False,2
53,2,1,0,0,False,2
54,2,1,0,0,False,2
55,2,1,0,0,False,2
56,2,1,0,0,False,2
57,3,1,0,0,False,2
58,3,1,0,0,False,2
59,3,1,0,0,False,2
60,3,1,0,0,False,2
61,3,2,0,0,False,2
62,3,2,0,0,False,2
63,3,2,0,0,False,2
64,3,2,0,0,False,2
65,4,2,0,0,False,2
66,4,3,0,0,False,2
67,4,3,0,0,False,2
68,4,3,0,0,False,2
69,5,3,0,0,False,2
70,5,3,0,0,False,2
71,5,3,0,0,False,2
72,5,3,0,0,False,2
73,5,3,0,0,False,2
74,5,3,0,0,False,2
75,6,3,0,0,False,2
76,6,4,0,0,False,2
77,6,4,0,0,False,2
78,6,4,0,0,False,2
79,6,4,0,0,False,2
80,6,4,0,0,False,2
81,6,4,0,0,False,2
82,7,4,0,0,False,2
83,7,5,0,0,False,2
84,7,5,0,0,False,2
85,7,5,0,0,False,2
86,8,5,0,0,False,2
87,8,5,0,0,False,3
88,8,5,0,0,False,3
89,8,5,0,0,False,3
90,7,5,0,0,False,0
91,6,4,0,0,False,0
92,5,3,0,0,False,0
93,5,2,0,0,False,0
94,4,1,0,1,False,0
95,3,0,0,1,False,0
96,2,0,0,2,False,0
97,2,0,1,1,False,0
98,1,0,1,1,False,0
99,0,0,1,1,False,0
100,0,0,1,1,False,0
101,0,0,2,1,False,0
102,0,0,1,1,False,0
103,0,0,1,1,False,0
104,0,0,1,1,False,0
105,0,0,1,1,False,0
106,0,0,1,1,False,0
107,0,0,1,2,False,0
108,0,0,1,3,False,0
109,0,0,1,2,False,0
110,0,0,1,2,False,0
111,0,0,1,2,False,0
112,0,0,1,2,False,0
113,0,0,1,2,False,0
114,0,0,2,2,False,0
115,0,0,2,2,False,0
116,0,0,3,2,False,0
117,0,0,2,2,False,0
118,0,0,2,2,False,0
119,0,0,2,3,False,0
120,0,0,2,4,False,0
121,0,0,2,3,False,0
122,0,0,2,3,False,0
123,0,0,2,3,False,0
124,0,0,2,3,False,0
125,0,0,2,3,False,0
126,0,0,2,3,False,0
127,0,0,2,3,False,0
128,0,0,2,3,False,0
129,0,0,3,3,False,0
130,0,0,4,3,False,0
131,0,0,3,3,False,0
132,0,0,3,5,False,1
133,0,0,3,4,False,1
134,0,0,3,4,False,1
135,0,0,2,3,False,2
136,1,0,1,2,False,2
137,1,0,0,1,False,2
138,1,1,0,0,False,2
139,1,1,0,0,False,2
140,1,1,0,0,False,2
141,1,1,0,0,False,2
142,2,1,0,0,False,2
143,2,1,0,0,False,2
144,2,1,0,0,False,2
145,2,1,0,0,False,2
146,2,1,0,0,False,2
147,2,2,0,0,False,2
148,3,2,0,0,False,2
149,3,2,0,0,False,2
150,3,2,0,0,False,2
151,3,2,0,0,False,2
152,3,2,0,0,False,2
153,3,2,0,0,False,2
154,3,3,0,0,False,2
155,4,3,0,0,False,2
156,4,3,0,0,False,2
157,4,3,0,0,False,2
158,4,3,0,0,False,2
159,4,3,0,0,False,2
160,4,3,0,0,False,2
161,5,3,0,0,False,2
162,5,3,0,0,False,2
163,5,4,0,0,False,2
164,5,4,0,0,False,2
165,5,4,0,0,False,2
166,6,4,0,0,False,2
167,6,4,0,0,False,2
168,6,4,0,0,False,2
169,6,5,0,0,False,2
170,6,5,0,0,False,2
171,6,5,0,0,False,2
172,6,5,0,0,False,2
173,7,5,0,0,False,2
174,7,5,0,0,False,2
175,7,5,0,0,False,2
176,7,5,0,0,False,2
177,8,5,0,0,False,3
178,8,6,0,0,False,3
179,8,6,0,0,False,3
180,8,5,0,0,False,0
181,6,4,0,0,False,0
182,6,3,0,0,False,0
183,5,2,0,0,False,0
184,4,1,1,0,False,0
185,3,1,1,0,False,0
186,3,0,1,0,False,0
187,2,0,1,0,False,0
188,1,0,2,0,False,0
189,1,0,1,0,False,0
190,0,0,1,0,False,0
191,0,0,1,1,False,0
192,0,0,1,2,False,0
193,0,0,1,1,False,0
194,0,0,1,1,False,0
195,0,0,1,1,False,0
196,0,0,1,1,False,0
197,0,0,1,1,False,0
198,0,0,1,1,False,0
199,0,0,1,1,False,0
200,0,0,1,1,False,0
201,0,0,1,1,False,0
202,0,0,3,1,False,0
203,0,0,2,1,False,0
204,0,0,2,2,False,0
205,0,0,2,2,False,0
206,0,0,2,2,False,0
207,0,0,2,2,False,0
208,0,0,2,2,False,0
209,0,0,2,2,False,0
210,0,0,2,2,False,0
211,0,0,2,2,False,0
212,0,0,2,2,False,0
213,0,0,2,2,False,0
214,0,0,2,2,False,0
215,0,0,3,2,False,0
216,0,0,4,4,False,0
217,0,0,3,3,False,0
218,0,0,3,3,False,0
219,0,0,3,3,False,0
220,0,0,3,3,False,0
221,0,0,3,3,False,0
222,0,0,3,3,False,1
223,0,0,3,3,False,1
224,0,0,3,3,False,1
225,0,0,2,2,False,2
226,1,1,1,1,False,2
227,1,1,1,0,False,2
228,1,1,0,0,False,2
229,1,1,0,0,False,2
230,1,1,0,0,False,2
231,2,1,0,0,False,2
232,2,1,0,0,False,2
233,2,1,0,0,False,2
234,2,1,0,0,False,2
235,2,2,0,0,False,2
236,2,2,0,0,False,2
237,2,2,0,0,False,2
238,2,2,0,0,False,2
239,3,2,0,0,False,2
240,3,2,0,0,False,2
241,3,2,0,0,False,2
242,3,3,0,0,False,2
243,3,3,0,0,False,2
244,3,3,0,0,False,2
245,4,3,0,0,False,2
246,4,3,0,0,False,2
247,4,3,0,0,False,2
248,4,3,0,0,False,2
249,4,3,0,0,False,2
250,5,3,0,0,False,2
251,5,4,0,0,False,2
252,5,4,0,0,False,2
253,5,4,0,0,False,2
254,5,4,0,0,False,2
255,5,4,0,0,False,2
256,6,4,0,0,False,2
257,6,4,0,0,False,2
258,6,5,0,0,False,2
259,6,5,0,0,False,2
260,6,5,0,0,False,2
261,6,5,0,0,False,2
262,7,5,0,0,False,2
263,7,5,0,0,False,2
264,7,5,0,0,False,2
265,7,6,0,0,False,2
266,7,6,0,0,False,2
267,8,6,0,0,False,3
268,8,6,0,0,False,3
269,8,6,0,0,False,3
270,8,5,0,0,False,0
271,7,4,0,0,False,0
272,6,3,0,0,False,0
273,5,2,0,0,False,0
274,4,2,0,0,False,0
275,3,1,0,1,False,0
276,2,0,0,2,False,0
277,2,0,0,1,False,0
278,1,0,0,1,False,0
279,0,0,0,1,False,0
280,0,0,0,1,False,0
281,0,0,0,1,False,0
282,0,0,0,1,False,0
283,0,0,0,1,False,0
284,0,0,0,1,False,0
285,0,0,1,1,False,0
286,0,0,1,1,False,0
287,0,0,1,1,False,0
288,0,0,2,3,False,0
289,0,0,1,2,False,0
290,0,0,1,2,False,0
291,0,0,1,2,False,0
292,0,0,1,2,False,0
293,0,0,1,2,False,0
294,0,0,1,2,False,0
295,0,0,1,2,False,0
296,0,0,1,2,False,0
297,0,0,1,2,False,0
298,0,0,1,2,False,0
299,0,0,2,3,False,0
300,0,0,3,4,True,2
301,0,0,1,2,True,2
302,1,0,0,1,True,2
303,1,1,0,0,True,2
304,1,1,0,0,True,2
305,1,1,0,0,True,2
306,2,1,0,0,True,2
307,2,1,0,0,True,2
308,2,1,0,0,False,2
309,2,1,0,0,False,2
310,2,1,0,0,False,2
311,2,1,0,0,False,2
312,2,1,0,0,False,2
313,2,2,0,0,False,2
314,3,2,0,0,False,2
315,3,2,0,0,False,2
316,3,2,0,0,False,2
317,3,2,0,0,False,2
318,3,2,0,0,False,2
319,4,3,0,0,False,2
320,4,3,0,0,False,2
321,4,3,0,0,False,2
322,4,3,0,0,False,2
323,4,3,0,0,False,2
324,4,3,0,0,False,2
325,4,3,0,0,False,2
326,5,3,0,0,False,2
327,5,3,0,0,False,2
328,5,3,0,0,False,2
329,5,4,0,0,False,2
330,5,4,0,0,False,2
331,5,4,0,0,False,2
332,6,4,0,0,False,2
333,6,4,0,0,False,2
334,6,4,0,0,False,2
335,6,5,0,0,False,2
336,6,5,0,0,False,2
337,7,5,0,0,False,2
338,7,5,0,0,False,2
339,7,5,0,0,False,2
340,7,5,0,0,False,2
341,8,5,0,0,False,2
342,8,5,0,0,False,2
343,8,6,0,0,False,2
344,8,6,0,0,False,2
345,9,6,0,0,False,2
346,8,6,0,0,False,2
347,9,6,0,0,False,2
348,9,6,0,0,False,2
349,9,7,0,0,False,2
350,9,7,0,0,False,2
351,10,7,0,0,False,2
352,9,7,0,0,False,2
353,10,7,0,0,False,2
354,10,7,0,0,False,2
355,10,7,0,0,False,2
356,10,7,0,0,False,2
357,11,8,0,0,False,2
358,11,7,0,0,False,2
359,11,8,0,0,False,2
360,11,8,0,0,False,2
361,11,8,0,0,False,2
362,12,8,0,0,False,2
363,12,8,0,0,False,2
364,12,8,0,0,False,2
365,12,10,0,0,False,2
366,12,9,0,0,False,2
367,12,9,0,0,False,2
368,12,9,0,0,False,3
369,12,9,0,0,False,3
370,12,9,0,0,False,3
371,11,8,0,0,False,0
372,10,8,0,0,False,0
373,9,7,0,0,False,0
374,8,6,0,0,False,0
375,7,5,0,0,False,0
376,6,4,0,0,False,0
377,5,3,0,0,False,0
378,5,2,0,1,False,0
379,4,2,0,1,False,0
380,3,2,0,1,False,0
381,2,1,1,2,False,0
382,1,0,1,1,False,0
383,0,0,1,1,False,0
384,0,0,1,1,False,0
385,0,0,1,1,False,0
386,0,0,2,1,False,0
387,0,0,1,1,False,0
388,0,0,1,1,False,0
389,0,0,1,1,False,0
390,0,0,1,1,False,0
391,0,0,1,1,False,0
392,0,0,1,1,False,0
393,0,0,1,3,False,0
394,0,0,1,2,False,0
395,0,0,1,2,False,0
396,0,0,1,2,False,0
397,0,0,1,2,False,0
398,0,0,1,2,False,0
399,0,0,2,2,False,0
400,0,0,2,2,False,0
401,0,0,3,2,False,0
402,0,0,2,2,False,0
403,0,0,2,2,False,0
404,0,0,2,3,False,0
405,0,0,2,4,False,0
406,0,0,2,3,False,0
407,0,0,2,3,False,0
408,0,0,2,3,False,0
409,0,0,2,3,False,0
410,0,0,2,3,False,0
411,0,0,2,3,False,0
412,0,0,3,3,False,0
413,0,0,3,3,False,1
414,0,0,3,3,False,1
415,0,0,4,3,False,1
416,0,0,2,3,False,2
417,0,0,1,2,False,2
418,0,0,0,1,False,2
419,0,0,0,0,False,2
420,0,0,0,0,False,2
421,1,0,0,0,False,2
422,1,0,0,0,False,2
423,1,1,0,0,False,2
424,1,1,0,0,False,2
425,1,1,0,0,False,2
426,2,1,0,0,False,2
427,2,1,0,0,False,2
428,2,1,0,0,False,2
429,2,1,0,0,False,2
430,2,1,0,0,False,2
431,2,1,0,0,False,2
432,2,2,0,0,False,2
433,2,2,0,0,False,2
434,3,2,0,0,False,2
435,3,2,0,0,False,2
436,3,2,0,0,False,2
437,3,2,0,0,False,2
438,3,2,0,0,False,2
439,3,2,0,0,False,2
440,4,3,0,0,False,2
441,4,3,0,0,False,2
442,4,3,0,0,False,2
443,4,3,0,0,False,2
444,4,3,0,0,False,2
445,4,3,0,0,False,2
446,5,3,0,0,False,2
447,5,3,0,0,False,2
448,5,4,0,0,False,2
449,5,4,0,0,False,2
450,5,4,0,0,False,2
451,6,4,0,0,False,2
452,6,4,0,0,False,2
453,6,4,0,0,False,2
454,6,5,0,0,False,2
455,7,5,0,0,False,2
456,7,5,0,0,False,2
457,7,5,0,0,False,2
458,7,5,0,0,False,3
459,7,5,0,0,False,3
460,7,5,0,0,False,3
461,7,4,0,0,False,0
462,6,3,0,1,False,0
463,5,3,0,1,False,0
464,4,2,0,1,False,0
465,3,1,0,2,False,0
466,2,0,0,1,False,0
467,2,0,0,1,False,0
468,1,0,0,1,False,0
469,0,0,1,1,False,0
470,0,0,1,1,False,0
471,0,0,1,1,False,0
472,0,0,1,1,False,0
473,0,0,2,1,False,0
474,0,0,1,1,False,0
475,0,0,1,1,False,0
476,0,0,1,1,False,0
477,0,0,1,3,False,0
478,0,0,1,2,False,0
479,0,0,1,2,False,0
480,0,0,1,2,False,0
481,0,0,1,2,False,0
482,0,0,1,2,False,0
483,0,0,1,2,False,0
484,0,0,1,2,False,0
485,0,0,1,2,False,0
486,0,0,2,2,False,0
487,0,0,3,3,False,0
488,0,0,2,3,False,0
489,0,0,2,4,False,0
490,0,0,2,3,False,0
491,0,0,2,3,False,0
492,0,0,2,3,False,0
493,0,0,2,3,False,0
494,0,0,2,3,False,0
495,0,0,2,3,False,0
496,0,0,2,3,False,0
497,0,0,2,3,False,0
498,0,0,2,3,False,0
499,0,0,3,4,False,0
500,0,0,3,4,False,0
501,0,0,4,5,False,0
502,0,0,3,4,False,0
503,0,0,3,4,False,1
504,0,0,3,4,False,1
505,0,0,3,4,False,1
506,0,0,2,3,False,2
507,0,0,1,2,False,2
508,0,0,0,1,False,2
509,0,0,0,0,False,2
510,1,0,0,0,False,2
511,1,0,0,0,False,2
512,1,1,0,0,False,2
513,1,1,0,0,False,2
514,1,1,0,0,False,2
515,1,1,0,0,False,2
516,1,1,0,0,False,2
517,2,1,0,0,False,2
518,2,1,0,0,False,2
519,2,1,0,0,False,2
520,2,1,0,0,False,2
521,2,1,0,0,False,2
522,2,1,0,0,False,2
523,2,1,0,0,False,2
524,3,2,0,0,False,2
525,3,2,0,0,False,2
526,3,2,0,0,False,2
527,3,3,0,0,False,2
528,3,3,0,0,False,2
529,4,3,0,0,False,2
530,4,3,0,0,False,2
531,4,3,0,0,False,2
532,4,3,0,0,False,2
533,5,3,0,0,False,2
534,5,3,0,0,False,2
535,5,3,0,0,False,2
536,5,3,0,0,False,2
537,5,4,0,0,False,2
538,5,4,0,0,False,2
539,5,4,0,0,False,2
540,6,4,0,0,False,2
541,6,4,0,0,False,2
542,6,4,0,0,False,2
543,6,5,0,0,False,2
544,6,5,0,0,False,2
545,7,5,0,0,False,2
546,7,5,0,0,False,2
547,7,5,0,0,False,2
548,7,5,0,0,False,3
549,7,5,0,0,False,3
550,7,6,0,0,False,3
551,6,5,0,0,False,0
552,6,4,0,0,False,0
553,5,3,0,0,False,0
554,4,2,0,0,False,0
555,3,1,1,0,False,0
556,3,0,1,0,False,0
557,2,0,1,0,False,0
558,1,0,1,0,False,0
559,0,0,2,1,False,0
560,0,0,1,1,False,0
561,0,0,1,2,False,0
562,0,0,1,1,False,0
563,0,0,1,1,False,0
564,0,0,1,1,False,0
565,0,0,1,1,False,0
566,0,0,1,1,False,0
567,0,0,1,1,False,0
568,0,0,1,1,False,0
569,0,0,1,1,False,0
570,0,0,1,1,False,0
571,0,0,1,1,False,0
572,0,0,2,1,False,0
573,0,0,3,3,False,0
574,0,0,2,2,False,0
575,0,0,2,2,False,0
576,0,0,2,2,False,0
577,0,0,2,2,False,0
578,0,0,2,2,False,0
579,0,0,2,2,False,0
580,0,0,2,2,False,0
581,0,0,2,2,False,0
582,0,0,2,2,False,0
583,0,0,2,2,False,0
584,0,0,2,2,False,0
585,0,0,3,3,False,0
586,0,0,3,3,False,0
587,0,0,3,3,False,0
588,0,0,4,3,False,0
589,0,0,3,3,False,0
590,0,0,3,3,False,0
591,0,0,3,3,False,0
592,0,0,3,3,False,0
593,0,0,3,3,False,1
594,0,0,3,3,False,1
595,0,0,3,3,False,1
596,0,0,2,3,False,2
597,0,0,1,2,False,2
598,0,0,0,1,False,2
599,0,1,0,0,False,2
600,0,1,0,0,False,2
601,0,1,0,0,False,2
602,1,1,0,0,False,2
603,1,1,0,0,False,2
604,1,1,0,0,False,2
605,1,1,0,0,False,2
606,1,1,0,0,False,2
607,1,1,0,0,False,2
608,2,2,0,0,False,2
609,2,2,0,0,False,2
610,2,2,0,0,False,2
611,2,2,0,0,False,2
612,3,2,0,0,False,2
613,3,2,0,0,False,2
614,3,2,0,0,False,2
615,3,2,0,0,False,2
616,3,3,0,0,False,2
617,4,3,0,0,False,2
618,4,3,0,0,False,2
619,4,3,0,0,False,2
620,4,3,0,0,False,2
621,4,3,0,0,False,2
622,4,3,0,0,False,2
623,4,3,0,0,False,2
624,5,4,0,0,False,2
625,5,4,0,0,False,2
626,5,4,0,0,False,2
627,5,4,0,0,False,2
628,5,4,0,0,False,2
629,5,4,0,0,False,2
630,6,4,0,0,False,2
631,6,4,0,0,False,2
632,6,5,0,0,False,2
633,6,5,0,0,False,2
634,6,5,0,0,False,2
635,6,5,0,0,False,2
636,7,5,0,0,False,2
637,7,5,0,0,False,2
638,7,5,0,0,False,3
639,7,6,0,0,False,3
640,8,6,0,0,False,3
641,7,5,0,0,False,0
642,6,4,0,0,False,0
643,5,3,0,0,False,0
644,4,2,0,1,False,0
645,3,1,0,1,False,0
646,2,0,0,2,False,0
647,1,0,0,1,False,0
648,1,0,0,1,False,0
649,0,0,0,1,False,0
650,0,0,0,1,False,0
651,0,0,0,1,False,0
652,0,0,0,1,False,0
653,0,0,0,1,False,0
654,0,0,0,1,False,0
655,0,0,0,1,False,0
656,0,0,1,1,False,0
657,0,0,1,1,False,0
658,0,0,1,1,False,0
659,0,0,1,1,False,0
660,0,0,2,2,False,0
661,0,0,1,2,False,0
662,0,0,1,2,False,0
663,0,0,1,2,False,0
664,0,0,1,2,False,0
665,0,0,1,2,False,0
666,0,0,1,2,False,0
667,0,0,1,2,False,0
668,0,0,1,3,False,0
669,0,0,1,4,False,0
670,0,0,1,3,False,0
671,0,0,1,3,False,0
672,0,0,1,3,False,0
673,0,0,2,3,False,0
674,0,0,3,3,False,0
675,0,0,2,3,False,0
676,0,0,2,3,False,0
677,0,0,2,3,False,0
678,0,0,2,3,False,0
679,0,0,2,3,False,0
680,0,0,2,4,False,0
681,0,0,2,5,False,0
682,0,0,2,4,False,0
683,0,0,2,4,False,1
684,0,0,2,4,False,1
685,0,0,2,4,False,1
686,0,0,2,3,False,2
687,0,1,1,2,False,2
688,0,1,0,1,False,2
689,0,1,0,0,False,2
690,0,1,0,0,False,2
691,0,1,0,0,False,2
692,1,1,0,0,False,2
693,1,1,0,0,False,2
694,1,1,0,0,False,2
695,1,1,0,0,False,2
696,1,2,0,0,False,2
697,1,2,0,0,False,2
698,2,2,0,0,False,2
699,2,2,0,0,False,2
700,2,2,0,0,False,2
701,2,2,0,0,False,2
702,2,2,0,0,False,2
703,2,3,0,0,False,2
704,3,3,0,0,False,2
705,3,3,0,0,False,2
706,3,3,0,0,False,2
707,3,3,0,0,False,2
708,3,3,0,0,False,2
709,4,3,0,0,False,2
710,4,3,0,0,False,2
711,4,4,0,0,False,2
712,4,4,0,0,False,2
713,4,4,0,0,False,2
714,5,4,0,0,False,2
715,5,4,0,0,False,2
716,5,4,0,0,False,2
717,5,4,0,0,False,2
718,5,4,0,0,False,2
719,5,4,0,0,False,2
720,5,4,0,0,False,2
721,6,5,0,0,False,2
722,6,5,0,0,False,2
723,6,5,0,0,False,2
724,6,5,0,0,False,2
725,6,5,0,0,False,2
726,6,6,0,0,False,2
727,6,6,0,0,False,2
728,7,6,0,0,False,3
729,7,6,0,0,False,3
730,7,6,0,0,False,3
731,7,5,0,0,False,0
732,6,4,0,0,False,0
733,5,3,0,0,False,0
734,4,2,0,0,False,0
735,3,2,0,0,False,0
736,3,1,0,0,False,0
737,2,0,0,0,False,0
738,1,0,0,0,False,0
739,0,0,0,0,False,0
740,0,0,0,1,False,0
741,0,0,1,2,False,0
742,0,0,1,1,False,0
743,0,0,1,1,False,0
744,0,0,1,1,False,0
745,0,0,1,1,False,0
746,0,0,2,1,False,0
747,0,0,1,1,False,0
748,0,0,1,1,False,0
749,0,0,1,1,False,0
750,0,0,1,1,False,0
751,0,0,1,1,False,0
752,0,0,1,1,False,0
753,0,0,1,3,False,0
754,0,0,1,2,False,0
755,0,0,1,2,False,0
756,0,0,1,2,False,0
757,0,0,1,2,False,0
758,0,0,2,2,False,0
759,0,0,2,2,False,0
760,0,0,2,2,False,0
761,0,0,3,2,False,0
762,0,0,2,2,False,0
763,0,0,2,2,False,0
764,0,0,2,2,False,0
765,0,0,2,4,False,0
766,0,0,2,3,False,0
767,0,0,2,3,False,0
768,0,0,2,3,False,0
769,0,0,2,3,False,0
770,0,0,2,3,False,0
771,0,0,2,3,False,0
772,0,0,2,3,False,0
773,0,0,3,3,False,1
774,0,0,3,3,False,1
775,0,0,4,3,False,1
776,0,0,2,2,False,2
777,0,0,1,1,False,2
778,0,0,0,1,False,2
779,0,0,0,0,False,2
780,0,0,0,0,False,2
781,0,0,0,0,False,2
782,0,0,0,0,False,2
783,1,1,0,0,False,2
784,1,1,0,0,False,2
785,1,1,0,0,False,2
786,1,1,0,0,False,2
787,1,1,0,0,False,2
788,2,1,0,0,False,2
789,2,1,0,0,False,2
790,2,1,0,0,False,2
791,2,1,0,0,False,2
792,2,1,0,0,False,2
793,2,2,0,0,False,2
794,2,2,0,0,False,2
795,3,2,0,0,False,2
796,3,2,0,0,False,2
797,3,2,0,0,False,2
798,3,2,0,0,False,2
799,3,3,0,0,False,2
800,4,3,0,0,False,2
801,4,3,0,0,False,2
802,4,3,0,0,False,2
803,4,3,0,0,False,2
804,4,3,0,0,False,2
805,5,3,0,0,False,2
806,5,3,0,0,False,2
807,5,3,0,0,False,2
808,5,3,0,0,False,2
809,5,4,0,0,False,2
810,5,4,0,0,False,2
811,6,4,0,0,False,2
812,6,4,0,0,False,2
813,6,4,0,0,False,2
814,6,4,0,0,False,2
815,6,4,0,0,False,2
816,7,5,0,0,False,2
817,7,5,0,0,False,2
818,7,5,0,0,False,3
819,7,5,0,0,False,3
820,7,5,0,0,False,3
821,6,4,0,0,False,0
822,6,4,0,1,False,0
823,5,3,0,1,False,0
824,4,2,0,1,False,0
825,3,1,0,2,False,0
826,2,0,0,1,False,0
827,2,0,0,1,False,0
828,1,0,0,1,False,0
829,0,0,0,1,False,0
830,0,0,1,1,False,0
831,0,0,1,1,False,0
832,0,0,1,1,False,0
833,0,0,2,1,False,0
834,0,0,1,1,False,0
835,0,0,1,1,False,0
836,0,0,1,1,False,0
837,0,0,1,3,False,0
838,0,0,1,2,False,0
839,0,0,1,2,False,0
840,0,0,1,2,False,0
841,0,0,1,2,False,0
842,0,0,1,2,False,0
843,0,0,1,2,False,0
844,0,0,1,2,False,0
845,0,0,1,2,False,0
846,0,0,1,2,False,0
847,0,0,3,2,False,0
848,0,0,2,3,False,0
849,0,0,2,4,False,0
850,0,0,2,3,False,0
851,0,0,2,3,False,0
852,0,0,2,3,False,0
853,0,0,2,3,False,0
854,0,0,2,3,False,0
855,0,0,2,3,False,0
856,0,0,2,3,False,0
857,0,0,2,3,False,0
858,0,0,3,3,False,0
859,0,0,3,3,False,0
860,0,0,3,3,False,0
861,0,0,4,5,False,0
862,0,0,3,4,False,0
863,0,0,3,4,False,1
864,0,0,3,4,False,1
865,0,0,3,4,False,1
866,0,0,2,3,False,2
867,0,0,1,2,False,2
868,0,0,0,1,False,2
869,0,0,0,0,False,2
870,0,1,0,0,False,2
871,1,1,0,0,False,2
872,1,1,0,0,False,2
873,1,1,0,0,False,2
874,1,1,0,0,False,2
875,1,1,0,0,False,2
876,1,1,0,0,False,2
877,2,1,0,0,False,2
878,2,1,0,0,False,2
879,2,1,0,0,False,2
880,2,1,0,0,False,2
881,2,1,0,0,False,2
882,2,2,0,0,False,2
883,2,2,0,0,False,2
884,3,2,0,0,False,2
885,3,2,0,0,False,2
886,3,2,0,0,False,2
887,3,2,0,0,False,2
888,3,3,0,0,False,2
889,4,3,0,0,False,2
890,4,3,0,0,False,2
891,4,3,0,0,False,2
892,4,3,0,0,False,2
893,4,3,0,0,False,2
894,5,3,0,0,False,2
895,5,3,0,0,False,2
896,5,4,0,0,False,2
897,5,4,0,0,False,2
898,5,4,0,0,False,2
899,6,4,0,0,False,2
900,6,4,0,0,False,2
901,6,4,0,0,False,2
902,6,4,0,0,False,2
903,6,4,0,0,False,2
904,6,5,0,0,False,2
905,6,5,0,0,False,2
906,6,5,0,0,False,2
907,6,5,0,0,False,2
908,6,5,0,0,False,3
909,6,5,0,0,False,3
910,6,5,0,0,False,3
911,5,4,0,0,False,0
912,4,3,0,0,False,0
913,3,2,0,0,False,0
914,2,1,0,0,False,0
915,1,0,0,0,False,0
916,0,0,0,0,False,0
917,0,0,0,0,False,0
918,0,0,0,0,False,0
919,0,0,0,0,False,0
920,0,0,0,0,False,0
921,0,0,0,0,False,0
922,0,0,0,0,False,0
923,0,0,0,0,False,0
924,0,0,0,0,False,0
925,0,0,0,0,False,0
926,0,0,0,0,False,0
927,0,0,0,0,False,0
928,0,0,0,0,False,0
929,0,0,0,0,False,0
930,0,0,0,0,False,0
931,0,0,0,0,False,0
